#pragma once
#include <cstddef>
#include <cstdint>

namespace EmbeddedBlank
{
    struct BlankFile
    {
        const wchar_t* extension;
        const std::uint8_t* data;
        std::size_t size;
    };

    inline constexpr std::uint8_t Blank_bik[] =
    {
        0x42, 0x49, 0x4B, 0x69, 0xCC, 0x01, 0x00, 0x00, 0x02, 0x00, 0x00, 0x00, 0x30, 0x01, 0x00, 0x00,
        0x02, 0x00, 0x00, 0x00, 0x60, 0x01, 0x00, 0x00, 0xF0, 0x00, 0x00, 0x00, 0x30, 0x75, 0x00, 0x00,
        0xE9, 0x03, 0x00, 0x00, 0x00, 0x00, 0x00, 0x00, 0x01, 0x00, 0x00, 0x00, 0xFC, 0x2D, 0x00, 0x00,
        0x44, 0xAC, 0x00, 0x70, 0x00, 0x00, 0x00, 0x00, 0x45, 0x00, 0x00, 0x00, 0x74, 0x01, 0x00, 0x00,
        0xD4, 0x01, 0x00, 0x00, 0x9C, 0x00, 0x00, 0x00, 0xFC, 0x2D, 0x00, 0x00, 0x00, 0x00, 0x00, 0x00,
        0x00, 0x00, 0x00, 0x70, 0xF4, 0xFF, 0xFF, 0xFF, 0xFF, 0xFF, 0xFF, 0xFF, 0xFF, 0xFF, 0xFF, 0xFF,
        0xFF, 0xFF, 0xFF, 0xFF, 0xFF, 0xFF, 0xFF, 0xFF, 0xFF, 0xFF, 0xFF, 0xFF, 0xFF, 0xE1, 0xC3, 0x87,
        0x0F, 0x00, 0x00, 0x00, 0x00, 0x00, 0x00, 0x00, 0x1C, 0xFD, 0xFF, 0xFF, 0xFF, 0xFF, 0xFF, 0xFF,
        0xFF, 0xFF, 0xFF, 0xFF, 0xFF, 0xFF, 0xFF, 0xFF, 0xFF, 0xFF, 0xFF, 0xFF, 0xFF, 0xFF, 0xFF, 0xFF,
        0xFF, 0x7F, 0xF8, 0xF0, 0xE1, 0x03, 0x00, 0x00, 0x00, 0x00, 0x00, 0x00, 0x00, 0x00, 0x00, 0x70,
        0xF4, 0xFF, 0xFF, 0xFF, 0xFF, 0xFF, 0xFF, 0xFF, 0xFF, 0xFF, 0xFF, 0xFF, 0xFF, 0xFF, 0xFF, 0xFF,
        0xFF, 0xFF, 0xFF, 0xFF, 0xFF, 0xFF, 0xFF, 0xFF, 0xFF, 0xE1, 0xC3, 0x87, 0x0F, 0x00, 0x00, 0x00,
        0x00, 0x00, 0x00, 0x00, 0x1C, 0xFD, 0xFF, 0xFF, 0xFF, 0xFF, 0xFF, 0xFF, 0xFF, 0xFF, 0xFF, 0xFF,
        0xFF, 0xFF, 0xFF, 0xFF, 0xFF, 0xFF, 0xFF, 0xFF, 0xFF, 0xFF, 0xFF, 0xFF, 0xFF, 0x7F, 0xF8, 0xF0,
        0xE1, 0x03, 0x00, 0x00, 0x40, 0x00, 0x00, 0x00, 0x57, 0xD1, 0x7E, 0x65, 0xED, 0x10, 0x11, 0x00,
        0x00, 0x00, 0x00, 0x00, 0x00, 0x00, 0x11, 0x00, 0x00, 0x00, 0x21, 0xFF, 0xFF, 0xFF, 0xFF, 0xFF,
        0xFF, 0xFF, 0xFF, 0xFF, 0xFF, 0xFF, 0xFF, 0x85, 0x52, 0xFC, 0xFF, 0xFF, 0xFF, 0xFF, 0xFF, 0xFF,
        0x7F, 0x28, 0xC5, 0x00, 0x00, 0x00, 0x00, 0x00, 0x00, 0x00, 0x00, 0x10, 0xC2, 0xFF, 0xFF, 0x3F,
        0x00, 0x00, 0x00, 0x00, 0x38, 0xD1, 0x38, 0xD6, 0x00, 0x00, 0x00, 0x00, 0x11, 0x08, 0x00, 0x00,
        0x00, 0x11, 0x00, 0x00, 0x00, 0x0B, 0xFF, 0xFF, 0xFF, 0xDF, 0x67, 0xFF, 0xDA, 0x9B, 0xE0, 0xFF,
        0x83, 0x31, 0x44, 0x00, 0x00, 0x00, 0x00, 0x00, 0x00, 0x00, 0x00, 0x00, 0x38, 0xD1, 0x38, 0xD6,
        0x00, 0x00, 0x00, 0x00, 0x11, 0x08, 0x00, 0x00, 0x00, 0x11, 0x00, 0x00, 0x00, 0x0B, 0xFF, 0xFF,
        0xFF, 0xDF, 0x67, 0xFF, 0xDA, 0x9B, 0xE0, 0xFF, 0x83, 0x31, 0x44, 0x00, 0x00, 0x00, 0x00, 0x00,
        0x00, 0x00, 0x00, 0x00, 0x00, 0x00, 0x00, 0x00, 0x24, 0x00, 0x00, 0x00, 0x57, 0xD0, 0x0F, 0x00,
        0x00, 0x00, 0x00, 0x00, 0x00, 0x00, 0x00, 0x00, 0x00, 0x00, 0x61, 0x00, 0x00, 0x00, 0x00, 0x00,
        0x00, 0x00, 0x00, 0x00, 0x00, 0x00, 0x08, 0x03, 0x42, 0x01, 0x00, 0x00, 0x57, 0xD0, 0x0E, 0x00,
        0x00, 0x00, 0x00, 0x00, 0x00, 0x00, 0x00, 0x00, 0x00, 0xA0, 0x54, 0x00, 0x00, 0x00, 0x00, 0x00,
        0x00, 0x00, 0x00, 0x00, 0x00, 0x00, 0x00, 0x00, 0x57, 0xD0, 0x0E, 0x00, 0x00, 0x00, 0x00, 0x00,
        0x00, 0x00, 0x00, 0x00, 0x00, 0xA0, 0x54, 0x00, 0x00, 0x00, 0x00, 0x00, 0x00, 0x00, 0x00, 0x00,
        0x00, 0x00, 0x00, 0x00,
    };

    inline constexpr std::size_t Blank_bikSize = sizeof(Blank_bik);
    inline constexpr std::uint8_t Blank_bk2[] =
    {
        0x4B, 0x42, 0x32, 0x6E, 0x80, 0x01, 0x00, 0x00, 0x01, 0x00, 0x00, 0x00, 0x50, 0x01, 0x00, 0x00,
        0x01, 0x00, 0x00, 0x00, 0x80, 0x02, 0x00, 0x00, 0xE0, 0x01, 0x00, 0x00, 0x19, 0x00, 0x00, 0x00,
        0x01, 0x00, 0x00, 0x00, 0x12, 0x00, 0x04, 0x00, 0x00, 0x00, 0x00, 0x00, 0x01, 0x0B, 0xE5, 0x87,
        0x39, 0x00, 0x00, 0x00, 0x88, 0x01, 0x00, 0x00, 0x00, 0xE0, 0x06, 0x00, 0x74, 0x00, 0x00, 0x00,
        0xC4, 0x00, 0x00, 0x00, 0x14, 0x01, 0x00, 0x00, 0xB0, 0xE2, 0xCA, 0xFC, 0x7F, 0xFA, 0xB8, 0xE5,
        0xB6, 0x20, 0x68, 0x4C, 0x2A, 0xA3, 0x4E, 0x4A, 0x03, 0x78, 0x30, 0xF1, 0x60, 0x62, 0x26, 0x32,
        0xCC, 0x44, 0x86, 0x87, 0x61, 0xB5, 0x5A, 0xAD, 0x56, 0xAB, 0xD5, 0x6A, 0xB5, 0x5A, 0xAD, 0x56,
        0xAB, 0xD5, 0x6A, 0xB5, 0x5A, 0xAD, 0x56, 0xAB, 0xD5, 0x6A, 0xB5, 0x5A, 0xAD, 0x56, 0xAB, 0xD5,
        0x6A, 0xB5, 0x5A, 0xAD, 0x56, 0xAB, 0xD5, 0x6A, 0xB5, 0x5A, 0xAD, 0x56, 0xAB, 0xD5, 0x6A, 0xB5,
        0x5A, 0xAD, 0x56, 0xAB, 0xD5, 0x6A, 0xB5, 0x5A, 0xAD, 0x56, 0xAB, 0xD5, 0x6A, 0xB5, 0x5A, 0xAD,
        0x56, 0xAB, 0xD5, 0x6A, 0xB5, 0x5A, 0xAD, 0x56, 0xAB, 0x15, 0x00, 0x00, 0xB0, 0xFE, 0x3F, 0x7F,
        0x00, 0xC0, 0x30, 0xAC, 0x56, 0xAB, 0xD5, 0x6A, 0xB5, 0x5A, 0xAD, 0x56, 0xAB, 0xD5, 0x6A, 0xB5,
        0x5A, 0xAD, 0x56, 0xAB, 0xD5, 0x6A, 0xB5, 0x5A, 0xAD, 0x56, 0xAB, 0xD5, 0x6A, 0xB5, 0x5A, 0xAD,
        0x56, 0xAB, 0xD5, 0x6A, 0xB5, 0x5A, 0xAD, 0x56, 0xAB, 0xD5, 0x6A, 0xB5, 0x5A, 0xAD, 0x56, 0xAB,
        0xD5, 0x6A, 0xB5, 0x5A, 0xAD, 0x56, 0xAB, 0xD5, 0x6A, 0xB5, 0x5A, 0xAD, 0x56, 0xAB, 0xD5, 0x6A,
        0xB5, 0x5A, 0xAD, 0x56, 0xAB, 0xD5, 0x6A, 0xB5, 0x02, 0x00, 0x00, 0x00, 0xB0, 0xFE, 0x3F, 0x7F,
        0x00, 0xC0, 0x30, 0xAC, 0x56, 0xAB, 0xD5, 0x6A, 0xB5, 0x5A, 0xAD, 0x56, 0xAB, 0xD5, 0x6A, 0xB5,
        0x5A, 0xAD, 0x56, 0xAB, 0xD5, 0x6A, 0xB5, 0x5A, 0xAD, 0x56, 0xAB, 0xD5, 0x6A, 0xB5, 0x5A, 0xAD,
        0x56, 0xAB, 0xD5, 0x6A, 0xB5, 0x5A, 0xAD, 0x56, 0xAB, 0xD5, 0x6A, 0xB5, 0x5A, 0xAD, 0x56, 0xAB,
        0xD5, 0x6A, 0xB5, 0x5A, 0xAD, 0x56, 0xAB, 0xD5, 0x6A, 0xB5, 0x5A, 0xAD, 0x56, 0xAB, 0xD5, 0x6A,
        0xB5, 0x5A, 0xAD, 0x56, 0xAB, 0xD5, 0x6A, 0xB5, 0x02, 0x00, 0x00, 0x00, 0xB0, 0xFE, 0x3F, 0x7F,
        0x00, 0xC0, 0x30, 0xAC, 0x56, 0xAB, 0xD5, 0x6A, 0xB5, 0x5A, 0xAD, 0x56, 0xAB, 0xD5, 0x6A, 0xB5,
        0x5A, 0xAD, 0x56, 0xAB, 0xD5, 0x6A, 0xB5, 0x5A, 0xAD, 0x56, 0xAB, 0xD5, 0x6A, 0xB5, 0x5A, 0xAD,
        0x56, 0xAB, 0xD5, 0x6A, 0xB5, 0x5A, 0xAD, 0x56, 0xAB, 0xD5, 0x6A, 0xB5, 0x5A, 0xAD, 0x56, 0xAB,
        0xD5, 0x6A, 0xB5, 0x5A, 0xAD, 0x56, 0x2B, 0x00,
    };

    inline constexpr std::size_t Blank_bk2Size = sizeof(Blank_bk2);
    inline constexpr std::uint8_t Blank_mkv[] =
    {
        0x1A, 0x45, 0xDF, 0xA3, 0xA3, 0x42, 0x86, 0x81, 0x01, 0x42, 0xF7, 0x81, 0x01, 0x42, 0xF2, 0x81,
        0x04, 0x42, 0xF3, 0x81, 0x08, 0x42, 0x82, 0x88, 0x6D, 0x61, 0x74, 0x72, 0x6F, 0x73, 0x6B, 0x61,
        0x42, 0x87, 0x81, 0x04, 0x42, 0x85, 0x81, 0x02, 0x18, 0x53, 0x80, 0x67, 0x01, 0x00, 0x00, 0x00,
        0x00, 0x00, 0x06, 0xA1, 0x11, 0x4D, 0x9B, 0x74, 0xC0, 0xBF, 0x84, 0x2D, 0xC1, 0x1A, 0xB4, 0x4D,
        0xBB, 0x8B, 0x53, 0xAB, 0x84, 0x15, 0x49, 0xA9, 0x66, 0x53, 0xAC, 0x81, 0xA1, 0x4D, 0xBB, 0x8B,
        0x53, 0xAB, 0x84, 0x16, 0x54, 0xAE, 0x6B, 0x53, 0xAC, 0x81, 0xEF, 0x4D, 0xBB, 0x8C, 0x53, 0xAB,
        0x84, 0x12, 0x54, 0xC3, 0x67, 0x53, 0xAC, 0x82, 0x01, 0x86, 0x4D, 0xBB, 0x8C, 0x53, 0xAB, 0x84,
        0x1C, 0x53, 0xBB, 0x6B, 0x53, 0xAC, 0x82, 0x06, 0x85, 0xEC, 0x01, 0x00, 0x00, 0x00, 0x00, 0x00,
        0x00, 0x53, 0x00, 0x00, 0x00, 0x00, 0x00, 0x00, 0x00, 0x00, 0x00, 0x00, 0x00, 0x00, 0x00, 0x00,
        0x00, 0x00, 0x00, 0x00, 0x00, 0x00, 0x00, 0x00, 0x00, 0x00, 0x00, 0x00, 0x00, 0x00, 0x00, 0x00,
        0x00, 0x00, 0x00, 0x00, 0x00, 0x00, 0x00, 0x00, 0x00, 0x00, 0x00, 0x00, 0x00, 0x00, 0x00, 0x00,
        0x00, 0x00, 0x00, 0x00, 0x00, 0x00, 0x00, 0x00, 0x00, 0x00, 0x00, 0x00, 0x00, 0x00, 0x00, 0x00,
        0x00, 0x00, 0x00, 0x00, 0x00, 0x00, 0x00, 0x00, 0x00, 0x00, 0x00, 0x00, 0x00, 0x00, 0x00, 0x00,
        0x00, 0x00, 0x00, 0x00, 0x00, 0x15, 0x49, 0xA9, 0x66, 0xC9, 0xBF, 0x84, 0x0C, 0x0D, 0x18, 0xE5,
        0x2A, 0xD7, 0xB1, 0x83, 0x0F, 0x42, 0x40, 0x4D, 0x80, 0x8C, 0x4C, 0x61, 0x76, 0x66, 0x36, 0x30,
        0x2E, 0x33, 0x2E, 0x31, 0x30, 0x30, 0x57, 0x41, 0x8C, 0x4C, 0x61, 0x76, 0x66, 0x36, 0x30, 0x2E,
        0x33, 0x2E, 0x31, 0x30, 0x30, 0x73, 0xA4, 0x90, 0xC0, 0x44, 0x13, 0x76, 0x65, 0xBB, 0x76, 0x2C,
        0x85, 0xA8, 0xDD, 0x4F, 0x52, 0x5F, 0x36, 0xF2, 0x44, 0x89, 0x88, 0x40, 0x8F, 0x40, 0x00, 0x00,
        0x00, 0x00, 0x00, 0x16, 0x54, 0xAE, 0x6B, 0x40, 0x91, 0xBF, 0x84, 0x04, 0xA4, 0x9A, 0xB8, 0xAE,
        0x01, 0x00, 0x00, 0x00, 0x00, 0x00, 0x00, 0x82, 0xD7, 0x81, 0x01, 0x73, 0xC5, 0x88, 0x67, 0x86,
        0xA2, 0xD1, 0xE3, 0x62, 0x4D, 0x74, 0x9C, 0x81, 0x00, 0x22, 0xB5, 0x9C, 0x83, 0x75, 0x6E, 0x64,
        0x88, 0x81, 0x00, 0x86, 0x8F, 0x56, 0x5F, 0x4D, 0x50, 0x45, 0x47, 0x34, 0x2F, 0x49, 0x53, 0x4F,
        0x2F, 0x41, 0x56, 0x43, 0x83, 0x81, 0x01, 0x23, 0xE3, 0x83, 0x84, 0x03, 0xF9, 0x40, 0xAA, 0xE0,
        0x99, 0xB0, 0x82, 0x01, 0x00, 0xBA, 0x81, 0x90, 0x9A, 0x81, 0x02, 0x54, 0xB2, 0x81, 0x04, 0x55,
        0xB0, 0x88, 0x55, 0xB7, 0x81, 0x01, 0x55, 0xB8, 0x81, 0x02, 0x63, 0xA2, 0xAD, 0x01, 0x64, 0x00,
        0x0B, 0xFF, 0xE1, 0x00, 0x18, 0x67, 0x64, 0x00, 0x0B, 0xAC, 0xD9, 0x41, 0x01, 0x3A, 0x10, 0x00,
        0x00, 0x03, 0x00, 0x10, 0x00, 0x00, 0x03, 0x01, 0xE0, 0xF1, 0x42, 0x99, 0x60, 0x01, 0x00, 0x06,
        0x68, 0xEB, 0xE3, 0xCB, 0x22, 0xC0, 0xFD, 0xF8, 0xF8, 0x00, 0x12, 0x54, 0xC3, 0x67, 0x40, 0xD7,
        0xBF, 0x84, 0xA4, 0x6F, 0x0F, 0x2D, 0x73, 0x73, 0xF4, 0x63, 0xC0, 0x80, 0x67, 0xC8, 0x95, 0x45,
        0xA3, 0x8B, 0x4D, 0x41, 0x4A, 0x4F, 0x52, 0x5F, 0x42, 0x52, 0x41, 0x4E, 0x44, 0x44, 0x87, 0x84,
        0x64, 0x61, 0x73, 0x68, 0x67, 0xC8, 0x94, 0x45, 0xA3, 0x8D, 0x4D, 0x49, 0x4E, 0x4F, 0x52, 0x5F,
        0x56, 0x45, 0x52, 0x53, 0x49, 0x4F, 0x4E, 0x44, 0x87, 0x81, 0x30, 0x67, 0xC8, 0xA3, 0x45, 0xA3,
        0x91, 0x43, 0x4F, 0x4D, 0x50, 0x41, 0x54, 0x49, 0x42, 0x4C, 0x45, 0x5F, 0x42, 0x52, 0x41, 0x4E,
        0x44, 0x53, 0x44, 0x87, 0x8C, 0x69, 0x73, 0x6F, 0x36, 0x61, 0x76, 0x63, 0x31, 0x6D, 0x70, 0x34,
        0x31, 0x67, 0xC8, 0x99, 0x45, 0xA3, 0x87, 0x45, 0x4E, 0x43, 0x4F, 0x44, 0x45, 0x52, 0x44, 0x87,
        0x8C, 0x4C, 0x61, 0x76, 0x66, 0x36, 0x30, 0x2E, 0x33, 0x2E, 0x31, 0x30, 0x30, 0x73, 0x73, 0xD7,
        0x63, 0xC0, 0x8B, 0x63, 0xC5, 0x88, 0x67, 0x86, 0xA2, 0xD1, 0xE3, 0x62, 0x4D, 0x74, 0x67, 0xC8,
        0xA1, 0x45, 0xA3, 0x87, 0x45, 0x4E, 0x43, 0x4F, 0x44, 0x45, 0x52, 0x44, 0x87, 0x94, 0x4C, 0x61,
        0x76, 0x63, 0x36, 0x30, 0x2E, 0x33, 0x2E, 0x31, 0x30, 0x30, 0x20, 0x6C, 0x69, 0x62, 0x78, 0x32,
        0x36, 0x34, 0x67, 0xC8, 0xA2, 0x45, 0xA3, 0x88, 0x44, 0x55, 0x52, 0x41, 0x54, 0x49, 0x4F, 0x4E,
        0x44, 0x87, 0x94, 0x30, 0x30, 0x3A, 0x30, 0x30, 0x3A, 0x30, 0x31, 0x2E, 0x30, 0x30, 0x30, 0x30,
        0x30, 0x30, 0x30, 0x30, 0x30, 0x00, 0x00, 0x1F, 0x43, 0xB6, 0x75, 0x44, 0x1C, 0xBF, 0x84, 0x0D,
        0x78, 0x60, 0x93, 0xE7, 0x81, 0x00, 0xA3, 0x42, 0xE3, 0x81, 0x00, 0x00, 0x80, 0x00, 0x00, 0x02,
        0xA0, 0x06, 0x05, 0xFF, 0xFF, 0x9C, 0xDC, 0x45, 0xE9, 0xBD, 0xE6, 0xD9, 0x48, 0xB7, 0x96, 0x2C,
        0xD8, 0x20, 0xD9, 0x23, 0xEE, 0xEF, 0x78, 0x32, 0x36, 0x34, 0x20, 0x2D, 0x20, 0x63, 0x6F, 0x72,
        0x65, 0x20, 0x31, 0x36, 0x34, 0x20, 0x2D, 0x20, 0x48, 0x2E, 0x32, 0x36, 0x34, 0x2F, 0x4D, 0x50,
        0x45, 0x47, 0x2D, 0x34, 0x20, 0x41, 0x56, 0x43, 0x20, 0x63, 0x6F, 0x64, 0x65, 0x63, 0x20, 0x2D,
        0x20, 0x43, 0x6F, 0x70, 0x79, 0x6C, 0x65, 0x66, 0x74, 0x20, 0x32, 0x30, 0x30, 0x33, 0x2D, 0x32,
        0x30, 0x32, 0x33, 0x20, 0x2D, 0x20, 0x68, 0x74, 0x74, 0x70, 0x3A, 0x2F, 0x2F, 0x77, 0x77, 0x77,
        0x2E, 0x76, 0x69, 0x64, 0x65, 0x6F, 0x6C, 0x61, 0x6E, 0x2E, 0x6F, 0x72, 0x67, 0x2F, 0x78, 0x32,
        0x36, 0x34, 0x2E, 0x68, 0x74, 0x6D, 0x6C, 0x20, 0x2D, 0x20, 0x6F, 0x70, 0x74, 0x69, 0x6F, 0x6E,
        0x73, 0x3A, 0x20, 0x63, 0x61, 0x62, 0x61, 0x63, 0x3D, 0x31, 0x20, 0x72, 0x65, 0x66, 0x3D, 0x33,
        0x20, 0x64, 0x65, 0x62, 0x6C, 0x6F, 0x63, 0x6B, 0x3D, 0x31, 0x3A, 0x30, 0x3A, 0x30, 0x20, 0x61,
        0x6E, 0x61, 0x6C, 0x79, 0x73, 0x65, 0x3D, 0x30, 0x78, 0x33, 0x3A, 0x30, 0x78, 0x31, 0x31, 0x33,
        0x20, 0x6D, 0x65, 0x3D, 0x68, 0x65, 0x78, 0x20, 0x73, 0x75, 0x62, 0x6D, 0x65, 0x3D, 0x37, 0x20,
        0x70, 0x73, 0x79, 0x3D, 0x31, 0x20, 0x70, 0x73, 0x79, 0x5F, 0x72, 0x64, 0x3D, 0x31, 0x2E, 0x30,
        0x30, 0x3A, 0x30, 0x2E, 0x30, 0x30, 0x20, 0x6D, 0x69, 0x78, 0x65, 0x64, 0x5F, 0x72, 0x65, 0x66,
        0x3D, 0x31, 0x20, 0x6D, 0x65, 0x5F, 0x72, 0x61, 0x6E, 0x67, 0x65, 0x3D, 0x31, 0x36, 0x20, 0x63,
        0x68, 0x72, 0x6F, 0x6D, 0x61, 0x5F, 0x6D, 0x65, 0x3D, 0x31, 0x20, 0x74, 0x72, 0x65, 0x6C, 0x6C,
        0x69, 0x73, 0x3D, 0x31, 0x20, 0x38, 0x78, 0x38, 0x64, 0x63, 0x74, 0x3D, 0x31, 0x20, 0x63, 0x71,
        0x6D, 0x3D, 0x30, 0x20, 0x64, 0x65, 0x61, 0x64, 0x7A, 0x6F, 0x6E, 0x65, 0x3D, 0x32, 0x31, 0x2C,
        0x31, 0x31, 0x20, 0x66, 0x61, 0x73, 0x74, 0x5F, 0x70, 0x73, 0x6B, 0x69, 0x70, 0x3D, 0x31, 0x20,
        0x63, 0x68, 0x72, 0x6F, 0x6D, 0x61, 0x5F, 0x71, 0x70, 0x5F, 0x6F, 0x66, 0x66, 0x73, 0x65, 0x74,
        0x3D, 0x2D, 0x32, 0x20, 0x74, 0x68, 0x72, 0x65, 0x61, 0x64, 0x73, 0x3D, 0x34, 0x20, 0x6C, 0x6F,
        0x6F, 0x6B, 0x61, 0x68, 0x65, 0x61, 0x64, 0x5F, 0x74, 0x68, 0x72, 0x65, 0x61, 0x64, 0x73, 0x3D,
        0x31, 0x20, 0x73, 0x6C, 0x69, 0x63, 0x65, 0x64, 0x5F, 0x74, 0x68, 0x72, 0x65, 0x61, 0x64, 0x73,
        0x3D, 0x30, 0x20, 0x6E, 0x72, 0x3D, 0x30, 0x20, 0x64, 0x65, 0x63, 0x69, 0x6D, 0x61, 0x74, 0x65,
        0x3D, 0x31, 0x20, 0x69, 0x6E, 0x74, 0x65, 0x72, 0x6C, 0x61, 0x63, 0x65, 0x64, 0x3D, 0x30, 0x20,
        0x62, 0x6C, 0x75, 0x72, 0x61, 0x79, 0x5F, 0x63, 0x6F, 0x6D, 0x70, 0x61, 0x74, 0x3D, 0x30, 0x20,
        0x63, 0x6F, 0x6E, 0x73, 0x74, 0x72, 0x61, 0x69, 0x6E, 0x65, 0x64, 0x5F, 0x69, 0x6E, 0x74, 0x72,
        0x61, 0x3D, 0x30, 0x20, 0x62, 0x66, 0x72, 0x61, 0x6D, 0x65, 0x73, 0x3D, 0x33, 0x20, 0x62, 0x5F,
        0x70, 0x79, 0x72, 0x61, 0x6D, 0x69, 0x64, 0x3D, 0x32, 0x20, 0x62, 0x5F, 0x61, 0x64, 0x61, 0x70,
        0x74, 0x3D, 0x31, 0x20, 0x62, 0x5F, 0x62, 0x69, 0x61, 0x73, 0x3D, 0x30, 0x20, 0x64, 0x69, 0x72,
        0x65, 0x63, 0x74, 0x3D, 0x31, 0x20, 0x77, 0x65, 0x69, 0x67, 0x68, 0x74, 0x62, 0x3D, 0x31, 0x20,
        0x6F, 0x70, 0x65, 0x6E, 0x5F, 0x67, 0x6F, 0x70, 0x3D, 0x30, 0x20, 0x77, 0x65, 0x69, 0x67, 0x68,
        0x74, 0x70, 0x3D, 0x32, 0x20, 0x6B, 0x65, 0x79, 0x69, 0x6E, 0x74, 0x3D, 0x32, 0x35, 0x30, 0x20,
        0x6B, 0x65, 0x79, 0x69, 0x6E, 0x74, 0x5F, 0x6D, 0x69, 0x6E, 0x3D, 0x31, 0x35, 0x20, 0x73, 0x63,
        0x65, 0x6E, 0x65, 0x63, 0x75, 0x74, 0x3D, 0x34, 0x30, 0x20, 0x69, 0x6E, 0x74, 0x72, 0x61, 0x5F,
        0x72, 0x65, 0x66, 0x72, 0x65, 0x73, 0x68, 0x3D, 0x30, 0x20, 0x72, 0x63, 0x5F, 0x6C, 0x6F, 0x6F,
        0x6B, 0x61, 0x68, 0x65, 0x61, 0x64, 0x3D, 0x34, 0x30, 0x20, 0x72, 0x63, 0x3D, 0x63, 0x72, 0x66,
        0x20, 0x6D, 0x62, 0x74, 0x72, 0x65, 0x65, 0x3D, 0x31, 0x20, 0x63, 0x72, 0x66, 0x3D, 0x32, 0x33,
        0x2E, 0x30, 0x20, 0x71, 0x63, 0x6F, 0x6D, 0x70, 0x3D, 0x30, 0x2E, 0x36, 0x30, 0x20, 0x71, 0x70,
        0x6D, 0x69, 0x6E, 0x3D, 0x30, 0x20, 0x71, 0x70, 0x6D, 0x61, 0x78, 0x3D, 0x36, 0x39, 0x20, 0x71,
        0x70, 0x73, 0x74, 0x65, 0x70, 0x3D, 0x34, 0x20, 0x69, 0x70, 0x5F, 0x72, 0x61, 0x74, 0x69, 0x6F,
        0x3D, 0x31, 0x2E, 0x34, 0x30, 0x20, 0x61, 0x71, 0x3D, 0x31, 0x3A, 0x31, 0x2E, 0x30, 0x30, 0x00,
        0x80, 0x00, 0x00, 0x00, 0x37, 0x65, 0x88, 0x84, 0x00, 0x10, 0xFF, 0xFE, 0xE6, 0xC0, 0xF9, 0x96,
        0x5B, 0x9C, 0x4F, 0x7F, 0xD4, 0x26, 0xC9, 0x72, 0x92, 0xF1, 0x49, 0x86, 0x56, 0xF0, 0x7D, 0x38,
        0x80, 0x65, 0xC8, 0x68, 0x79, 0x74, 0x6E, 0x1C, 0x93, 0xC7, 0xC5, 0x9E, 0x1E, 0x28, 0xB3, 0xE4,
        0x60, 0xA0, 0x00, 0x00, 0x1A, 0xC0, 0x21, 0xD0, 0x70, 0xFC, 0xF5, 0xD9, 0xA3, 0x94, 0x81, 0x01,
        0x0B, 0x00, 0x00, 0x00, 0x00, 0x0C, 0x41, 0x9A, 0x24, 0x6C, 0x43, 0xFF, 0xFE, 0xA9, 0x96, 0x00,
        0x18, 0x30, 0xA3, 0x91, 0x81, 0x00, 0x85, 0x00, 0x00, 0x00, 0x00, 0x09, 0x41, 0x9E, 0x42, 0x78,
        0x86, 0xFF, 0x00, 0x10, 0xF1, 0xA3, 0x91, 0x81, 0x00, 0x43, 0x00, 0x00, 0x00, 0x00, 0x09, 0x01,
        0x9E, 0x61, 0x74, 0x42, 0xFF, 0x00, 0x1C, 0x70, 0xA3, 0x91, 0x81, 0x00, 0xC8, 0x00, 0x00, 0x00,
        0x00, 0x09, 0x01, 0x9E, 0x63, 0x6A, 0x42, 0xFF, 0x00, 0x1C, 0x71, 0xA3, 0x9A, 0x81, 0x02, 0x15,
        0x00, 0x00, 0x00, 0x00, 0x12, 0x41, 0x9A, 0x68, 0x49, 0xA8, 0x41, 0x68, 0x99, 0x4C, 0x08, 0x7F,
        0xFF, 0xFE, 0xA9, 0x96, 0x00, 0x18, 0x31, 0xA3, 0x93, 0x81, 0x01, 0x90, 0x00, 0x00, 0x00, 0x00,
        0x0B, 0x41, 0x9E, 0x86, 0x45, 0x11, 0x2C, 0x37, 0xFF, 0x00, 0x10, 0xF1, 0xA3, 0x91, 0x81, 0x01,
        0x4D, 0x00, 0x00, 0x00, 0x00, 0x09, 0x01, 0x9E, 0xA5, 0x74, 0x42, 0xFF, 0x00, 0x1C, 0x71, 0xA3,
        0x91, 0x81, 0x01, 0xD3, 0x00, 0x00, 0x00, 0x00, 0x09, 0x01, 0x9E, 0xA7, 0x6A, 0x42, 0xFF, 0x00,
        0x1C, 0x70, 0xA3, 0x9A, 0x81, 0x03, 0x20, 0x00, 0x00, 0x00, 0x00, 0x12, 0x41, 0x9A, 0xAC, 0x49,
        0xA8, 0x41, 0x6C, 0x99, 0x4C, 0x08, 0x6F, 0xFF, 0xFE, 0xA7, 0x84, 0x00, 0x30, 0x20, 0xA3, 0x93,
        0x81, 0x02, 0x9B, 0x00, 0x00, 0x00, 0x00, 0x0B, 0x41, 0x9E, 0xCA, 0x45, 0x15, 0x2C, 0x37, 0xFF,
        0x00, 0x10, 0xF1, 0xA3, 0x91, 0x81, 0x02, 0x58, 0x00, 0x00, 0x00, 0x00, 0x09, 0x01, 0x9E, 0xE9,
        0x74, 0x42, 0xFF, 0x00, 0x1C, 0x70, 0xA3, 0x91, 0x81, 0x02, 0xDD, 0x00, 0x00, 0x00, 0x00, 0x09,
        0x01, 0x9E, 0xEB, 0x6A, 0x42, 0xFF, 0x00, 0x1C, 0x70, 0xA3, 0x9B, 0x81, 0x03, 0xA5, 0x00, 0x00,
        0x00, 0x00, 0x13, 0x41, 0x9A, 0xEE, 0x49, 0xA8, 0x41, 0x6C, 0x99, 0x4C, 0x14, 0x4C, 0x2F, 0xFF,
        0xFE, 0x8C, 0xB0, 0x00, 0xBC, 0x81, 0xA3, 0x91, 0x81, 0x03, 0x63, 0x00, 0x00, 0x00, 0x00, 0x09,
        0x01, 0x9F, 0x0D, 0x6A, 0x42, 0xFF, 0x00, 0x1C, 0x71, 0x1C, 0x53, 0xBB, 0x6B, 0x97, 0xBF, 0x84,
        0xCE, 0x89, 0xA3, 0x56, 0xBB, 0x8F, 0xB3, 0x81, 0x00, 0xB7, 0x8A, 0xF7, 0x81, 0x01, 0xF1, 0x82,
        0x02, 0x63, 0xF0, 0x81, 0x09,
    };

    inline constexpr std::size_t Blank_mkvSize = sizeof(Blank_mkv);
    inline constexpr std::uint8_t Blank_mp4[] =
    {
        0x00, 0x00, 0x00, 0x20, 0x66, 0x74, 0x79, 0x70, 0x69, 0x73, 0x6F, 0x6D, 0x00, 0x00, 0x02, 0x00,
        0x69, 0x73, 0x6F, 0x6D, 0x69, 0x73, 0x6F, 0x32, 0x61, 0x76, 0x63, 0x31, 0x6D, 0x70, 0x34, 0x31,
        0x00, 0x00, 0x03, 0x2F, 0x6D, 0x6F, 0x6F, 0x76, 0x00, 0x00, 0x00, 0x6C, 0x6D, 0x76, 0x68, 0x64,
        0x00, 0x00, 0x00, 0x00, 0x00, 0x00, 0x00, 0x00, 0x00, 0x00, 0x00, 0x00, 0x00, 0x00, 0x03, 0xE8,
        0x00, 0x00, 0x00, 0x64, 0x00, 0x01, 0x00, 0x00, 0x01, 0x00, 0x00, 0x00, 0x00, 0x00, 0x00, 0x00,
        0x00, 0x00, 0x00, 0x00, 0x00, 0x01, 0x00, 0x00, 0x00, 0x00, 0x00, 0x00, 0x00, 0x00, 0x00, 0x00,
        0x00, 0x00, 0x00, 0x00, 0x00, 0x01, 0x00, 0x00, 0x00, 0x00, 0x00, 0x00, 0x00, 0x00, 0x00, 0x00,
        0x00, 0x00, 0x00, 0x00, 0x40, 0x00, 0x00, 0x00, 0x00, 0x00, 0x00, 0x00, 0x00, 0x00, 0x00, 0x00,
        0x00, 0x00, 0x00, 0x00, 0x00, 0x00, 0x00, 0x00, 0x00, 0x00, 0x00, 0x00, 0x00, 0x00, 0x00, 0x00,
        0x00, 0x00, 0x00, 0x02, 0x00, 0x00, 0x02, 0x5A, 0x74, 0x72, 0x61, 0x6B, 0x00, 0x00, 0x00, 0x5C,
        0x74, 0x6B, 0x68, 0x64, 0x00, 0x00, 0x00, 0x03, 0x00, 0x00, 0x00, 0x00, 0x00, 0x00, 0x00, 0x00,
        0x00, 0x00, 0x00, 0x01, 0x00, 0x00, 0x00, 0x00, 0x00, 0x00, 0x00, 0x64, 0x00, 0x00, 0x00, 0x00,
        0x00, 0x00, 0x00, 0x00, 0x00, 0x00, 0x00, 0x00, 0x00, 0x00, 0x00, 0x00, 0x00, 0x01, 0x00, 0x00,
        0x00, 0x00, 0x00, 0x00, 0x00, 0x00, 0x00, 0x00, 0x00, 0x00, 0x00, 0x00, 0x00, 0x01, 0x00, 0x00,
        0x00, 0x00, 0x00, 0x00, 0x00, 0x00, 0x00, 0x00, 0x00, 0x00, 0x00, 0x00, 0x40, 0x00, 0x00, 0x00,
        0x00, 0x40, 0x00, 0x00, 0x00, 0x40, 0x00, 0x00, 0x00, 0x00, 0x00, 0x24, 0x65, 0x64, 0x74, 0x73,
        0x00, 0x00, 0x00, 0x1C, 0x65, 0x6C, 0x73, 0x74, 0x00, 0x00, 0x00, 0x00, 0x00, 0x00, 0x00, 0x01,
        0x00, 0x00, 0x00, 0x64, 0x00, 0x00, 0x00, 0x00, 0x00, 0x01, 0x00, 0x00, 0x00, 0x00, 0x01, 0xD2,
        0x6D, 0x64, 0x69, 0x61, 0x00, 0x00, 0x00, 0x20, 0x6D, 0x64, 0x68, 0x64, 0x00, 0x00, 0x00, 0x00,
        0x00, 0x00, 0x00, 0x00, 0x00, 0x00, 0x00, 0x00, 0x00, 0x00, 0x3C, 0x00, 0x00, 0x00, 0x06, 0x00,
        0x55, 0xC4, 0x00, 0x00, 0x00, 0x00, 0x00, 0x2D, 0x68, 0x64, 0x6C, 0x72, 0x00, 0x00, 0x00, 0x00,
        0x00, 0x00, 0x00, 0x00, 0x76, 0x69, 0x64, 0x65, 0x00, 0x00, 0x00, 0x00, 0x00, 0x00, 0x00, 0x00,
        0x00, 0x00, 0x00, 0x00, 0x56, 0x69, 0x64, 0x65, 0x6F, 0x48, 0x61, 0x6E, 0x64, 0x6C, 0x65, 0x72,
        0x00, 0x00, 0x00, 0x01, 0x7D, 0x6D, 0x69, 0x6E, 0x66, 0x00, 0x00, 0x00, 0x14, 0x76, 0x6D, 0x68,
        0x64, 0x00, 0x00, 0x00, 0x01, 0x00, 0x00, 0x00, 0x00, 0x00, 0x00, 0x00, 0x00, 0x00, 0x00, 0x00,
        0x24, 0x64, 0x69, 0x6E, 0x66, 0x00, 0x00, 0x00, 0x1C, 0x64, 0x72, 0x65, 0x66, 0x00, 0x00, 0x00,
        0x00, 0x00, 0x00, 0x00, 0x01, 0x00, 0x00, 0x00, 0x0C, 0x75, 0x72, 0x6C, 0x20, 0x00, 0x00, 0x00,
        0x01, 0x00, 0x00, 0x01, 0x3D, 0x73, 0x74, 0x62, 0x6C, 0x00, 0x00, 0x00, 0xB9, 0x73, 0x74, 0x73,
        0x64, 0x00, 0x00, 0x00, 0x00, 0x00, 0x00, 0x00, 0x01, 0x00, 0x00, 0x00, 0xA9, 0x61, 0x76, 0x63,
        0x31, 0x00, 0x00, 0x00, 0x00, 0x00, 0x00, 0x00, 0x01, 0x00, 0x00, 0x00, 0x00, 0x00, 0x00, 0x00,
        0x00, 0x00, 0x00, 0x00, 0x00, 0x00, 0x00, 0x00, 0x00, 0x00, 0x40, 0x00, 0x40, 0x00, 0x48, 0x00,
        0x00, 0x00, 0x48, 0x00, 0x00, 0x00, 0x00, 0x00, 0x00, 0x00, 0x01, 0x15, 0x4C, 0x61, 0x76, 0x63,
        0x36, 0x31, 0x2E, 0x31, 0x39, 0x2E, 0x31, 0x30, 0x31, 0x20, 0x6C, 0x69, 0x62, 0x78, 0x32, 0x36,
        0x34, 0x00, 0x00, 0x00, 0x00, 0x00, 0x00, 0x00, 0x00, 0x00, 0x00, 0x00, 0x18, 0xFF, 0xFF, 0x00,
        0x00, 0x00, 0x2F, 0x61, 0x76, 0x63, 0x43, 0x01, 0x42, 0xC0, 0x1E, 0xFF, 0xE1, 0x00, 0x17, 0x67,
        0x42, 0xC0, 0x1E, 0xD9, 0x04, 0x26, 0xC0, 0x44, 0x00, 0x00, 0x03, 0x00, 0x04, 0x00, 0x00, 0x03,
        0x00, 0xF0, 0x3C, 0x58, 0xB9, 0x20, 0x01, 0x00, 0x05, 0x68, 0xCB, 0x83, 0xCB, 0x20, 0x00, 0x00,
        0x00, 0x10, 0x70, 0x61, 0x73, 0x70, 0x00, 0x00, 0x00, 0x01, 0x00, 0x00, 0x00, 0x01, 0x00, 0x00,
        0x00, 0x14, 0x62, 0x74, 0x72, 0x74, 0x00, 0x00, 0x00, 0x00, 0x00, 0x00, 0xD2, 0xF0, 0x00, 0x00,
        0x00, 0x00, 0x00, 0x00, 0x00, 0x18, 0x73, 0x74, 0x74, 0x73, 0x00, 0x00, 0x00, 0x00, 0x00, 0x00,
        0x00, 0x01, 0x00, 0x00, 0x00, 0x03, 0x00, 0x00, 0x02, 0x00, 0x00, 0x00, 0x00, 0x14, 0x73, 0x74,
        0x73, 0x73, 0x00, 0x00, 0x00, 0x00, 0x00, 0x00, 0x00, 0x01, 0x00, 0x00, 0x00, 0x01, 0x00, 0x00,
        0x00, 0x1C, 0x73, 0x74, 0x73, 0x63, 0x00, 0x00, 0x00, 0x00, 0x00, 0x00, 0x00, 0x01, 0x00, 0x00,
        0x00, 0x01, 0x00, 0x00, 0x00, 0x03, 0x00, 0x00, 0x00, 0x01, 0x00, 0x00, 0x00, 0x20, 0x73, 0x74,
        0x73, 0x7A, 0x00, 0x00, 0x00, 0x00, 0x00, 0x00, 0x00, 0x00, 0x00, 0x00, 0x00, 0x03, 0x00, 0x00,
        0x02, 0x8F, 0x00, 0x00, 0x00, 0x0A, 0x00, 0x00, 0x00, 0x0A, 0x00, 0x00, 0x00, 0x14, 0x73, 0x74,
        0x63, 0x6F, 0x00, 0x00, 0x00, 0x00, 0x00, 0x00, 0x00, 0x01, 0x00, 0x00, 0x03, 0x5F, 0x00, 0x00,
        0x00, 0x61, 0x75, 0x64, 0x74, 0x61, 0x00, 0x00, 0x00, 0x59, 0x6D, 0x65, 0x74, 0x61, 0x00, 0x00,
        0x00, 0x00, 0x00, 0x00, 0x00, 0x21, 0x68, 0x64, 0x6C, 0x72, 0x00, 0x00, 0x00, 0x00, 0x00, 0x00,
        0x00, 0x00, 0x6D, 0x64, 0x69, 0x72, 0x61, 0x70, 0x70, 0x6C, 0x00, 0x00, 0x00, 0x00, 0x00, 0x00,
        0x00, 0x00, 0x00, 0x00, 0x00, 0x00, 0x2C, 0x69, 0x6C, 0x73, 0x74, 0x00, 0x00, 0x00, 0x24, 0xA9,
        0x74, 0x6F, 0x6F, 0x00, 0x00, 0x00, 0x1C, 0x64, 0x61, 0x74, 0x61, 0x00, 0x00, 0x00, 0x01, 0x00,
        0x00, 0x00, 0x00, 0x4C, 0x61, 0x76, 0x66, 0x36, 0x31, 0x2E, 0x37, 0x2E, 0x31, 0x30, 0x33, 0x00,
        0x00, 0x00, 0x08, 0x66, 0x72, 0x65, 0x65, 0x00, 0x00, 0x02, 0xAB, 0x6D, 0x64, 0x61, 0x74, 0x00,
        0x00, 0x02, 0x71, 0x06, 0x05, 0xFF, 0xFF, 0x6D, 0xDC, 0x45, 0xE9, 0xBD, 0xE6, 0xD9, 0x48, 0xB7,
        0x96, 0x2C, 0xD8, 0x20, 0xD9, 0x23, 0xEE, 0xEF, 0x78, 0x32, 0x36, 0x34, 0x20, 0x2D, 0x20, 0x63,
        0x6F, 0x72, 0x65, 0x20, 0x31, 0x36, 0x34, 0x20, 0x72, 0x33, 0x31, 0x30, 0x38, 0x20, 0x33, 0x31,
        0x65, 0x31, 0x39, 0x66, 0x39, 0x20, 0x2D, 0x20, 0x48, 0x2E, 0x32, 0x36, 0x34, 0x2F, 0x4D, 0x50,
        0x45, 0x47, 0x2D, 0x34, 0x20, 0x41, 0x56, 0x43, 0x20, 0x63, 0x6F, 0x64, 0x65, 0x63, 0x20, 0x2D,
        0x20, 0x43, 0x6F, 0x70, 0x79, 0x6C, 0x65, 0x66, 0x74, 0x20, 0x32, 0x30, 0x30, 0x33, 0x2D, 0x32,
        0x30, 0x32, 0x33, 0x20, 0x2D, 0x20, 0x68, 0x74, 0x74, 0x70, 0x3A, 0x2F, 0x2F, 0x77, 0x77, 0x77,
        0x2E, 0x76, 0x69, 0x64, 0x65, 0x6F, 0x6C, 0x61, 0x6E, 0x2E, 0x6F, 0x72, 0x67, 0x2F, 0x78, 0x32,
        0x36, 0x34, 0x2E, 0x68, 0x74, 0x6D, 0x6C, 0x20, 0x2D, 0x20, 0x6F, 0x70, 0x74, 0x69, 0x6F, 0x6E,
        0x73, 0x3A, 0x20, 0x63, 0x61, 0x62, 0x61, 0x63, 0x3D, 0x30, 0x20, 0x72, 0x65, 0x66, 0x3D, 0x33,
        0x20, 0x64, 0x65, 0x62, 0x6C, 0x6F, 0x63, 0x6B, 0x3D, 0x31, 0x3A, 0x30, 0x3A, 0x30, 0x20, 0x61,
        0x6E, 0x61, 0x6C, 0x79, 0x73, 0x65, 0x3D, 0x30, 0x78, 0x31, 0x3A, 0x30, 0x78, 0x31, 0x31, 0x31,
        0x20, 0x6D, 0x65, 0x3D, 0x68, 0x65, 0x78, 0x20, 0x73, 0x75, 0x62, 0x6D, 0x65, 0x3D, 0x37, 0x20,
        0x70, 0x73, 0x79, 0x3D, 0x31, 0x20, 0x70, 0x73, 0x79, 0x5F, 0x72, 0x64, 0x3D, 0x31, 0x2E, 0x30,
        0x30, 0x3A, 0x30, 0x2E, 0x30, 0x30, 0x20, 0x6D, 0x69, 0x78, 0x65, 0x64, 0x5F, 0x72, 0x65, 0x66,
        0x3D, 0x31, 0x20, 0x6D, 0x65, 0x5F, 0x72, 0x61, 0x6E, 0x67, 0x65, 0x3D, 0x31, 0x36, 0x20, 0x63,
        0x68, 0x72, 0x6F, 0x6D, 0x61, 0x5F, 0x6D, 0x65, 0x3D, 0x31, 0x20, 0x74, 0x72, 0x65, 0x6C, 0x6C,
        0x69, 0x73, 0x3D, 0x31, 0x20, 0x38, 0x78, 0x38, 0x64, 0x63, 0x74, 0x3D, 0x30, 0x20, 0x63, 0x71,
        0x6D, 0x3D, 0x30, 0x20, 0x64, 0x65, 0x61, 0x64, 0x7A, 0x6F, 0x6E, 0x65, 0x3D, 0x32, 0x31, 0x2C,
        0x31, 0x31, 0x20, 0x66, 0x61, 0x73, 0x74, 0x5F, 0x70, 0x73, 0x6B, 0x69, 0x70, 0x3D, 0x31, 0x20,
        0x63, 0x68, 0x72, 0x6F, 0x6D, 0x61, 0x5F, 0x71, 0x70, 0x5F, 0x6F, 0x66, 0x66, 0x73, 0x65, 0x74,
        0x3D, 0x2D, 0x32, 0x20, 0x74, 0x68, 0x72, 0x65, 0x61, 0x64, 0x73, 0x3D, 0x32, 0x20, 0x6C, 0x6F,
        0x6F, 0x6B, 0x61, 0x68, 0x65, 0x61, 0x64, 0x5F, 0x74, 0x68, 0x72, 0x65, 0x61, 0x64, 0x73, 0x3D,
        0x31, 0x20, 0x73, 0x6C, 0x69, 0x63, 0x65, 0x64, 0x5F, 0x74, 0x68, 0x72, 0x65, 0x61, 0x64, 0x73,
        0x3D, 0x30, 0x20, 0x6E, 0x72, 0x3D, 0x30, 0x20, 0x64, 0x65, 0x63, 0x69, 0x6D, 0x61, 0x74, 0x65,
        0x3D, 0x31, 0x20, 0x69, 0x6E, 0x74, 0x65, 0x72, 0x6C, 0x61, 0x63, 0x65, 0x64, 0x3D, 0x30, 0x20,
        0x62, 0x6C, 0x75, 0x72, 0x61, 0x79, 0x5F, 0x63, 0x6F, 0x6D, 0x70, 0x61, 0x74, 0x3D, 0x30, 0x20,
        0x63, 0x6F, 0x6E, 0x73, 0x74, 0x72, 0x61, 0x69, 0x6E, 0x65, 0x64, 0x5F, 0x69, 0x6E, 0x74, 0x72,
        0x61, 0x3D, 0x30, 0x20, 0x62, 0x66, 0x72, 0x61, 0x6D, 0x65, 0x73, 0x3D, 0x30, 0x20, 0x77, 0x65,
        0x69, 0x67, 0x68, 0x74, 0x70, 0x3D, 0x30, 0x20, 0x6B, 0x65, 0x79, 0x69, 0x6E, 0x74, 0x3D, 0x32,
        0x35, 0x30, 0x20, 0x6B, 0x65, 0x79, 0x69, 0x6E, 0x74, 0x5F, 0x6D, 0x69, 0x6E, 0x3D, 0x32, 0x35,
        0x20, 0x73, 0x63, 0x65, 0x6E, 0x65, 0x63, 0x75, 0x74, 0x3D, 0x34, 0x30, 0x20, 0x69, 0x6E, 0x74,
        0x72, 0x61, 0x5F, 0x72, 0x65, 0x66, 0x72, 0x65, 0x73, 0x68, 0x3D, 0x30, 0x20, 0x72, 0x63, 0x5F,
        0x6C, 0x6F, 0x6F, 0x6B, 0x61, 0x68, 0x65, 0x61, 0x64, 0x3D, 0x34, 0x30, 0x20, 0x72, 0x63, 0x3D,
        0x63, 0x72, 0x66, 0x20, 0x6D, 0x62, 0x74, 0x72, 0x65, 0x65, 0x3D, 0x31, 0x20, 0x63, 0x72, 0x66,
        0x3D, 0x32, 0x33, 0x2E, 0x30, 0x20, 0x71, 0x63, 0x6F, 0x6D, 0x70, 0x3D, 0x30, 0x2E, 0x36, 0x30,
        0x20, 0x71, 0x70, 0x6D, 0x69, 0x6E, 0x3D, 0x30, 0x20, 0x71, 0x70, 0x6D, 0x61, 0x78, 0x3D, 0x36,
        0x39, 0x20, 0x71, 0x70, 0x73, 0x74, 0x65, 0x70, 0x3D, 0x34, 0x20, 0x69, 0x70, 0x5F, 0x72, 0x61,
        0x74, 0x69, 0x6F, 0x3D, 0x31, 0x2E, 0x34, 0x30, 0x20, 0x61, 0x71, 0x3D, 0x31, 0x3A, 0x31, 0x2E,
        0x30, 0x30, 0x00, 0x80, 0x00, 0x00, 0x00, 0x16, 0x65, 0x88, 0x84, 0x0B, 0xF2, 0x62, 0x80, 0x00,
        0xAB, 0xCC, 0x9C, 0x9C, 0x9D, 0x75, 0xD7, 0x5D, 0x75, 0xD7, 0x5D, 0x75, 0xD7, 0x5E, 0x00, 0x00,
        0x00, 0x06, 0x41, 0x9A, 0x38, 0x15, 0xE1, 0x18, 0x00, 0x00, 0x00, 0x06, 0x41, 0x9A, 0x54, 0x04,
        0xF8, 0x46,
    };

    inline constexpr std::size_t Blank_mp4Size = sizeof(Blank_mp4);
    inline constexpr std::uint8_t Blank_usm[] =
    {
        0x43, 0x52, 0x49, 0x44, 0x00, 0x00, 0x07, 0xF8, 0x00, 0x18, 0x06, 0x68, 0x00, 0x00, 0x00, 0x01,
        0x00, 0x00, 0x00, 0x00, 0x00, 0x00, 0x00, 0x1E, 0x00, 0x00, 0x00, 0x00, 0x00, 0x00, 0x00, 0x00,
        0x40, 0x55, 0x54, 0x46, 0x00, 0x00, 0x01, 0x70, 0x00, 0x00, 0x00, 0x45, 0x00, 0x00, 0x00, 0x85,
        0x00, 0x00, 0x01, 0x70, 0x00, 0x00, 0x00, 0x07, 0x00, 0x09, 0x00, 0x20, 0x00, 0x00, 0x00, 0x02,
        0x54, 0x00, 0x00, 0x00, 0x19, 0x5A, 0x00, 0x00, 0x00, 0x20, 0x54, 0x00, 0x00, 0x00, 0x29, 0x54,
        0x00, 0x00, 0x00, 0x32, 0x54, 0x00, 0x00, 0x00, 0x3B, 0x52, 0x00, 0x00, 0x00, 0x41, 0x52, 0x00,
        0x00, 0x00, 0x46, 0x54, 0x00, 0x00, 0x00, 0x4D, 0x54, 0x00, 0x00, 0x00, 0x54, 0x00, 0x00, 0x00,
        0x00, 0x00, 0x00, 0x00, 0x5A, 0x00, 0x00, 0x41, 0xA0, 0x00, 0x00, 0x00, 0x00, 0x00, 0x00, 0x00,
        0x00, 0xFF, 0xFF, 0x00, 0x01, 0x00, 0x00, 0x36, 0x20, 0x00, 0x10, 0xC0, 0x86, 0x00, 0x00, 0x00,
        0x00, 0x00, 0x00, 0x00, 0x9F, 0x00, 0x00, 0x35, 0xA9, 0x00, 0x00, 0x00, 0x00, 0x40, 0x53, 0x46,
        0x56, 0x00, 0x00, 0x00, 0x03, 0x00, 0x00, 0x26, 0x7A, 0x00, 0x10, 0xC0, 0x86, 0x3C, 0x4E, 0x55,
        0x4C, 0x4C, 0x3E, 0x00, 0x43, 0x52, 0x49, 0x55, 0x53, 0x46, 0x5F, 0x44, 0x49, 0x52, 0x5F, 0x53,
        0x54, 0x52, 0x45, 0x41, 0x4D, 0x00, 0x66, 0x6D, 0x74, 0x76, 0x65, 0x72, 0x00, 0x66, 0x69, 0x6C,
        0x65, 0x6E, 0x61, 0x6D, 0x65, 0x00, 0x66, 0x69, 0x6C, 0x65, 0x73, 0x69, 0x7A, 0x65, 0x00, 0x64,
        0x61, 0x74, 0x61, 0x73, 0x69, 0x7A, 0x65, 0x00, 0x73, 0x74, 0x6D, 0x69, 0x64, 0x00, 0x63, 0x68,
        0x6E, 0x6F, 0x00, 0x6D, 0x69, 0x6E, 0x63, 0x68, 0x6B, 0x00, 0x6D, 0x69, 0x6E, 0x62, 0x75, 0x66,
        0x00, 0x61, 0x76, 0x62, 0x70, 0x73, 0x00, 0x42, 0x6C, 0x61, 0x63, 0x6B, 0x20, 0x53, 0x63, 0x72,
        0x65, 0x65, 0x6E, 0x20, 0x28, 0x4E, 0x6F, 0x20, 0x41, 0x75, 0x64, 0x69, 0x6F, 0x29, 0x20, 0x73,
        0x68, 0x6F, 0x72, 0x74, 0x20, 0x6E, 0x6F, 0x20, 0x61, 0x75, 0x64, 0x69, 0x6F, 0x20, 0x28, 0x6F,
        0x6E, 0x6C, 0x69, 0x6E, 0x65, 0x2D, 0x76, 0x69, 0x64, 0x65, 0x6F, 0x2D, 0x63, 0x75, 0x74, 0x74,
        0x65, 0x72, 0x2E, 0x63, 0x6F, 0x6D, 0x29, 0x2E, 0x75, 0x73, 0x6D, 0x00, 0x42, 0x6C, 0x61, 0x63,
        0x6B, 0x20, 0x53, 0x63, 0x72, 0x65, 0x65, 0x6E, 0x20, 0x28, 0x4E, 0x6F, 0x20, 0x41, 0x75, 0x64,
        0x69, 0x6F, 0x29, 0x20, 0x73, 0x68, 0x6F, 0x72, 0x74, 0x20, 0x6E, 0x6F, 0x20, 0x61, 0x75, 0x64,
        0x69, 0x6F, 0x20, 0x28, 0x6F, 0x6E, 0x6C, 0x69, 0x6E, 0x65, 0x2D, 0x76, 0x69, 0x64, 0x65, 0x6F,
        0x2D, 0x63, 0x75, 0x74, 0x74, 0x65, 0x72, 0x2E, 0x63, 0x6F, 0x6D, 0x29, 0x2E, 0x61, 0x76, 0x69,
        0x00, 0x00, 0x00, 0x00, 0x00, 0x00, 0x00, 0x00, 0x00, 0x00, 0x00, 0x00, 0x00, 0x00, 0x00, 0x00,
        0x00, 0x00, 0x00, 0x00, 0x00, 0x00, 0x00, 0x00, 0x00, 0x00, 0x00, 0x00, 0x00, 0x00, 0x00, 0x00,
        0x00, 0x00, 0x00, 0x00, 0x00, 0x00, 0x00, 0x00, 0x00, 0x00, 0x00, 0x00, 0x00, 0x00, 0x00, 0x00,
        0x00, 0x00, 0x00, 0x00, 0x00, 0x00, 0x00, 0x00, 0x00, 0x00, 0x00, 0x00, 0x00, 0x00, 0x00, 0x00,
        0x00, 0x00, 0x00, 0x00, 0x00, 0x00, 0x00, 0x00, 0x00, 0x00, 0x00, 0x00, 0x00, 0x00, 0x00, 0x00,
        0x00, 0x00, 0x00, 0x00, 0x00, 0x00, 0x00, 0x00, 0x00, 0x00, 0x00, 0x00, 0x00, 0x00, 0x00, 0x00,
        0x00, 0x00, 0x00, 0x00, 0x00, 0x00, 0x00, 0x00, 0x00, 0x00, 0x00, 0x00, 0x00, 0x00, 0x00, 0x00,
        0x00, 0x00, 0x00, 0x00, 0x00, 0x00, 0x00, 0x00, 0x00, 0x00, 0x00, 0x00, 0x00, 0x00, 0x00, 0x00,
        0x00, 0x00, 0x00, 0x00, 0x00, 0x00, 0x00, 0x00, 0x00, 0x00, 0x00, 0x00, 0x00, 0x00, 0x00, 0x00,
        0x00, 0x00, 0x00, 0x00, 0x00, 0x00, 0x00, 0x00, 0x00, 0x00, 0x00, 0x00, 0x00, 0x00, 0x00, 0x00,
        0x00, 0x00, 0x00, 0x00, 0x00, 0x00, 0x00, 0x00, 0x00, 0x00, 0x00, 0x00, 0x00, 0x00, 0x00, 0x00,
        0x00, 0x00, 0x00, 0x00, 0x00, 0x00, 0x00, 0x00, 0x00, 0x00, 0x00, 0x00, 0x00, 0x00, 0x00, 0x00,
        0x00, 0x00, 0x00, 0x00, 0x00, 0x00, 0x00, 0x00, 0x00, 0x00, 0x00, 0x00, 0x00, 0x00, 0x00, 0x00,
        0x00, 0x00, 0x00, 0x00, 0x00, 0x00, 0x00, 0x00, 0x00, 0x00, 0x00, 0x00, 0x00, 0x00, 0x00, 0x00,
        0x00, 0x00, 0x00, 0x00, 0x00, 0x00, 0x00, 0x00, 0x00, 0x00, 0x00, 0x00, 0x00, 0x00, 0x00, 0x00,
        0x00, 0x00, 0x00, 0x00, 0x00, 0x00, 0x00, 0x00, 0x00, 0x00, 0x00, 0x00, 0x00, 0x00, 0x00, 0x00,
        0x00, 0x00, 0x00, 0x00, 0x00, 0x00, 0x00, 0x00, 0x00, 0x00, 0x00, 0x00, 0x00, 0x00, 0x00, 0x00,
        0x00, 0x00, 0x00, 0x00, 0x00, 0x00, 0x00, 0x00, 0x00, 0x00, 0x00, 0x00, 0x00, 0x00, 0x00, 0x00,
        0x00, 0x00, 0x00, 0x00, 0x00, 0x00, 0x00, 0x00, 0x00, 0x00, 0x00, 0x00, 0x00, 0x00, 0x00, 0x00,
        0x00, 0x00, 0x00, 0x00, 0x00, 0x00, 0x00, 0x00, 0x00, 0x00, 0x00, 0x00, 0x00, 0x00, 0x00, 0x00,
        0x00, 0x00, 0x00, 0x00, 0x00, 0x00, 0x00, 0x00, 0x00, 0x00, 0x00, 0x00, 0x00, 0x00, 0x00, 0x00,
        0x00, 0x00, 0x00, 0x00, 0x00, 0x00, 0x00, 0x00, 0x00, 0x00, 0x00, 0x00, 0x00, 0x00, 0x00, 0x00,
        0x00, 0x00, 0x00, 0x00, 0x00, 0x00, 0x00, 0x00, 0x00, 0x00, 0x00, 0x00, 0x00, 0x00, 0x00, 0x00,
        0x00, 0x00, 0x00, 0x00, 0x00, 0x00, 0x00, 0x00, 0x00, 0x00, 0x00, 0x00, 0x00, 0x00, 0x00, 0x00,
        0x00, 0x00, 0x00, 0x00, 0x00, 0x00, 0x00, 0x00, 0x00, 0x00, 0x00, 0x00, 0x00, 0x00, 0x00, 0x00,
        0x00, 0x00, 0x00, 0x00, 0x00, 0x00, 0x00, 0x00, 0x00, 0x00, 0x00, 0x00, 0x00, 0x00, 0x00, 0x00,
        0x00, 0x00, 0x00, 0x00, 0x00, 0x00, 0x00, 0x00, 0x00, 0x00, 0x00, 0x00, 0x00, 0x00, 0x00, 0x00,
        0x00, 0x00, 0x00, 0x00, 0x00, 0x00, 0x00, 0x00, 0x00, 0x00, 0x00, 0x00, 0x00, 0x00, 0x00, 0x00,
        0x00, 0x00, 0x00, 0x00, 0x00, 0x00, 0x00, 0x00, 0x00, 0x00, 0x00, 0x00, 0x00, 0x00, 0x00, 0x00,
        0x00, 0x00, 0x00, 0x00, 0x00, 0x00, 0x00, 0x00, 0x00, 0x00, 0x00, 0x00, 0x00, 0x00, 0x00, 0x00,
        0x00, 0x00, 0x00, 0x00, 0x00, 0x00, 0x00, 0x00, 0x00, 0x00, 0x00, 0x00, 0x00, 0x00, 0x00, 0x00,
        0x00, 0x00, 0x00, 0x00, 0x00, 0x00, 0x00, 0x00, 0x00, 0x00, 0x00, 0x00, 0x00, 0x00, 0x00, 0x00,
        0x00, 0x00, 0x00, 0x00, 0x00, 0x00, 0x00, 0x00, 0x00, 0x00, 0x00, 0x00, 0x00, 0x00, 0x00, 0x00,
        0x00, 0x00, 0x00, 0x00, 0x00, 0x00, 0x00, 0x00, 0x00, 0x00, 0x00, 0x00, 0x00, 0x00, 0x00, 0x00,
        0x00, 0x00, 0x00, 0x00, 0x00, 0x00, 0x00, 0x00, 0x00, 0x00, 0x00, 0x00, 0x00, 0x00, 0x00, 0x00,
        0x00, 0x00, 0x00, 0x00, 0x00, 0x00, 0x00, 0x00, 0x00, 0x00, 0x00, 0x00, 0x00, 0x00, 0x00, 0x00,
        0x00, 0x00, 0x00, 0x00, 0x00, 0x00, 0x00, 0x00, 0x00, 0x00, 0x00, 0x00, 0x00, 0x00, 0x00, 0x00,
        0x00, 0x00, 0x00, 0x00, 0x00, 0x00, 0x00, 0x00, 0x00, 0x00, 0x00, 0x00, 0x00, 0x00, 0x00, 0x00,
        0x00, 0x00, 0x00, 0x00, 0x00, 0x00, 0x00, 0x00, 0x00, 0x00, 0x00, 0x00, 0x00, 0x00, 0x00, 0x00,
        0x00, 0x00, 0x00, 0x00, 0x00, 0x00, 0x00, 0x00, 0x00, 0x00, 0x00, 0x00, 0x00, 0x00, 0x00, 0x00,
        0x00, 0x00, 0x00, 0x00, 0x00, 0x00, 0x00, 0x00, 0x00, 0x00, 0x00, 0x00, 0x00, 0x00, 0x00, 0x00,
        0x00, 0x00, 0x00, 0x00, 0x00, 0x00, 0x00, 0x00, 0x00, 0x00, 0x00, 0x00, 0x00, 0x00, 0x00, 0x00,
        0x00, 0x00, 0x00, 0x00, 0x00, 0x00, 0x00, 0x00, 0x00, 0x00, 0x00, 0x00, 0x00, 0x00, 0x00, 0x00,
        0x00, 0x00, 0x00, 0x00, 0x00, 0x00, 0x00, 0x00, 0x00, 0x00, 0x00, 0x00, 0x00, 0x00, 0x00, 0x00,
        0x00, 0x00, 0x00, 0x00, 0x00, 0x00, 0x00, 0x00, 0x00, 0x00, 0x00, 0x00, 0x00, 0x00, 0x00, 0x00,
        0x00, 0x00, 0x00, 0x00, 0x00, 0x00, 0x00, 0x00, 0x00, 0x00, 0x00, 0x00, 0x00, 0x00, 0x00, 0x00,
        0x00, 0x00, 0x00, 0x00, 0x00, 0x00, 0x00, 0x00, 0x00, 0x00, 0x00, 0x00, 0x00, 0x00, 0x00, 0x00,
        0x00, 0x00, 0x00, 0x00, 0x00, 0x00, 0x00, 0x00, 0x00, 0x00, 0x00, 0x00, 0x00, 0x00, 0x00, 0x00,
        0x00, 0x00, 0x00, 0x00, 0x00, 0x00, 0x00, 0x00, 0x00, 0x00, 0x00, 0x00, 0x00, 0x00, 0x00, 0x00,
        0x00, 0x00, 0x00, 0x00, 0x00, 0x00, 0x00, 0x00, 0x00, 0x00, 0x00, 0x00, 0x00, 0x00, 0x00, 0x00,
        0x00, 0x00, 0x00, 0x00, 0x00, 0x00, 0x00, 0x00, 0x00, 0x00, 0x00, 0x00, 0x00, 0x00, 0x00, 0x00,
        0x00, 0x00, 0x00, 0x00, 0x00, 0x00, 0x00, 0x00, 0x00, 0x00, 0x00, 0x00, 0x00, 0x00, 0x00, 0x00,
        0x00, 0x00, 0x00, 0x00, 0x00, 0x00, 0x00, 0x00, 0x00, 0x00, 0x00, 0x00, 0x00, 0x00, 0x00, 0x00,
        0x00, 0x00, 0x00, 0x00, 0x00, 0x00, 0x00, 0x00, 0x00, 0x00, 0x00, 0x00, 0x00, 0x00, 0x00, 0x00,
        0x00, 0x00, 0x00, 0x00, 0x00, 0x00, 0x00, 0x00, 0x00, 0x00, 0x00, 0x00, 0x00, 0x00, 0x00, 0x00,
        0x00, 0x00, 0x00, 0x00, 0x00, 0x00, 0x00, 0x00, 0x00, 0x00, 0x00, 0x00, 0x00, 0x00, 0x00, 0x00,
        0x00, 0x00, 0x00, 0x00, 0x00, 0x00, 0x00, 0x00, 0x00, 0x00, 0x00, 0x00, 0x00, 0x00, 0x00, 0x00,
        0x00, 0x00, 0x00, 0x00, 0x00, 0x00, 0x00, 0x00, 0x00, 0x00, 0x00, 0x00, 0x00, 0x00, 0x00, 0x00,
        0x00, 0x00, 0x00, 0x00, 0x00, 0x00, 0x00, 0x00, 0x00, 0x00, 0x00, 0x00, 0x00, 0x00, 0x00, 0x00,
        0x00, 0x00, 0x00, 0x00, 0x00, 0x00, 0x00, 0x00, 0x00, 0x00, 0x00, 0x00, 0x00, 0x00, 0x00, 0x00,
        0x00, 0x00, 0x00, 0x00, 0x00, 0x00, 0x00, 0x00, 0x00, 0x00, 0x00, 0x00, 0x00, 0x00, 0x00, 0x00,
        0x00, 0x00, 0x00, 0x00, 0x00, 0x00, 0x00, 0x00, 0x00, 0x00, 0x00, 0x00, 0x00, 0x00, 0x00, 0x00,
        0x00, 0x00, 0x00, 0x00, 0x00, 0x00, 0x00, 0x00, 0x00, 0x00, 0x00, 0x00, 0x00, 0x00, 0x00, 0x00,
        0x00, 0x00, 0x00, 0x00, 0x00, 0x00, 0x00, 0x00, 0x00, 0x00, 0x00, 0x00, 0x00, 0x00, 0x00, 0x00,
        0x00, 0x00, 0x00, 0x00, 0x00, 0x00, 0x00, 0x00, 0x00, 0x00, 0x00, 0x00, 0x00, 0x00, 0x00, 0x00,
        0x00, 0x00, 0x00, 0x00, 0x00, 0x00, 0x00, 0x00, 0x00, 0x00, 0x00, 0x00, 0x00, 0x00, 0x00, 0x00,
        0x00, 0x00, 0x00, 0x00, 0x00, 0x00, 0x00, 0x00, 0x00, 0x00, 0x00, 0x00, 0x00, 0x00, 0x00, 0x00,
        0x00, 0x00, 0x00, 0x00, 0x00, 0x00, 0x00, 0x00, 0x00, 0x00, 0x00, 0x00, 0x00, 0x00, 0x00, 0x00,
        0x00, 0x00, 0x00, 0x00, 0x00, 0x00, 0x00, 0x00, 0x00, 0x00, 0x00, 0x00, 0x00, 0x00, 0x00, 0x00,
        0x00, 0x00, 0x00, 0x00, 0x00, 0x00, 0x00, 0x00, 0x00, 0x00, 0x00, 0x00, 0x00, 0x00, 0x00, 0x00,
        0x00, 0x00, 0x00, 0x00, 0x00, 0x00, 0x00, 0x00, 0x00, 0x00, 0x00, 0x00, 0x00, 0x00, 0x00, 0x00,
        0x00, 0x00, 0x00, 0x00, 0x00, 0x00, 0x00, 0x00, 0x00, 0x00, 0x00, 0x00, 0x00, 0x00, 0x00, 0x00,
        0x00, 0x00, 0x00, 0x00, 0x00, 0x00, 0x00, 0x00, 0x00, 0x00, 0x00, 0x00, 0x00, 0x00, 0x00, 0x00,
        0x00, 0x00, 0x00, 0x00, 0x00, 0x00, 0x00, 0x00, 0x00, 0x00, 0x00, 0x00, 0x00, 0x00, 0x00, 0x00,
        0x00, 0x00, 0x00, 0x00, 0x00, 0x00, 0x00, 0x00, 0x00, 0x00, 0x00, 0x00, 0x00, 0x00, 0x00, 0x00,
        0x00, 0x00, 0x00, 0x00, 0x00, 0x00, 0x00, 0x00, 0x00, 0x00, 0x00, 0x00, 0x00, 0x00, 0x00, 0x00,
        0x00, 0x00, 0x00, 0x00, 0x00, 0x00, 0x00, 0x00, 0x00, 0x00, 0x00, 0x00, 0x00, 0x00, 0x00, 0x00,
        0x00, 0x00, 0x00, 0x00, 0x00, 0x00, 0x00, 0x00, 0x00, 0x00, 0x00, 0x00, 0x00, 0x00, 0x00, 0x00,
        0x00, 0x00, 0x00, 0x00, 0x00, 0x00, 0x00, 0x00, 0x00, 0x00, 0x00, 0x00, 0x00, 0x00, 0x00, 0x00,
        0x00, 0x00, 0x00, 0x00, 0x00, 0x00, 0x00, 0x00, 0x00, 0x00, 0x00, 0x00, 0x00, 0x00, 0x00, 0x00,
        0x00, 0x00, 0x00, 0x00, 0x00, 0x00, 0x00, 0x00, 0x00, 0x00, 0x00, 0x00, 0x00, 0x00, 0x00, 0x00,
        0x00, 0x00, 0x00, 0x00, 0x00, 0x00, 0x00, 0x00, 0x00, 0x00, 0x00, 0x00, 0x00, 0x00, 0x00, 0x00,
        0x00, 0x00, 0x00, 0x00, 0x00, 0x00, 0x00, 0x00, 0x00, 0x00, 0x00, 0x00, 0x00, 0x00, 0x00, 0x00,
        0x00, 0x00, 0x00, 0x00, 0x00, 0x00, 0x00, 0x00, 0x00, 0x00, 0x00, 0x00, 0x00, 0x00, 0x00, 0x00,
        0x00, 0x00, 0x00, 0x00, 0x00, 0x00, 0x00, 0x00, 0x00, 0x00, 0x00, 0x00, 0x00, 0x00, 0x00, 0x00,
        0x00, 0x00, 0x00, 0x00, 0x00, 0x00, 0x00, 0x00, 0x00, 0x00, 0x00, 0x00, 0x00, 0x00, 0x00, 0x00,
        0x00, 0x00, 0x00, 0x00, 0x00, 0x00, 0x00, 0x00, 0x00, 0x00, 0x00, 0x00, 0x00, 0x00, 0x00, 0x00,
        0x00, 0x00, 0x00, 0x00, 0x00, 0x00, 0x00, 0x00, 0x00, 0x00, 0x00, 0x00, 0x00, 0x00, 0x00, 0x00,
        0x00, 0x00, 0x00, 0x00, 0x00, 0x00, 0x00, 0x00, 0x00, 0x00, 0x00, 0x00, 0x00, 0x00, 0x00, 0x00,
        0x00, 0x00, 0x00, 0x00, 0x00, 0x00, 0x00, 0x00, 0x00, 0x00, 0x00, 0x00, 0x00, 0x00, 0x00, 0x00,
        0x00, 0x00, 0x00, 0x00, 0x00, 0x00, 0x00, 0x00, 0x00, 0x00, 0x00, 0x00, 0x00, 0x00, 0x00, 0x00,
        0x00, 0x00, 0x00, 0x00, 0x00, 0x00, 0x00, 0x00, 0x00, 0x00, 0x00, 0x00, 0x00, 0x00, 0x00, 0x00,
        0x00, 0x00, 0x00, 0x00, 0x00, 0x00, 0x00, 0x00, 0x00, 0x00, 0x00, 0x00, 0x00, 0x00, 0x00, 0x00,
        0x00, 0x00, 0x00, 0x00, 0x00, 0x00, 0x00, 0x00, 0x00, 0x00, 0x00, 0x00, 0x00, 0x00, 0x00, 0x00,
        0x00, 0x00, 0x00, 0x00, 0x00, 0x00, 0x00, 0x00, 0x00, 0x00, 0x00, 0x00, 0x00, 0x00, 0x00, 0x00,
        0x00, 0x00, 0x00, 0x00, 0x00, 0x00, 0x00, 0x00, 0x00, 0x00, 0x00, 0x00, 0x00, 0x00, 0x00, 0x00,
        0x00, 0x00, 0x00, 0x00, 0x00, 0x00, 0x00, 0x00, 0x00, 0x00, 0x00, 0x00, 0x00, 0x00, 0x00, 0x00,
        0x00, 0x00, 0x00, 0x00, 0x00, 0x00, 0x00, 0x00, 0x00, 0x00, 0x00, 0x00, 0x00, 0x00, 0x00, 0x00,
        0x00, 0x00, 0x00, 0x00, 0x00, 0x00, 0x00, 0x00, 0x00, 0x00, 0x00, 0x00, 0x00, 0x00, 0x00, 0x00,
        0x00, 0x00, 0x00, 0x00, 0x00, 0x00, 0x00, 0x00, 0x00, 0x00, 0x00, 0x00, 0x00, 0x00, 0x00, 0x00,
        0x00, 0x00, 0x00, 0x00, 0x00, 0x00, 0x00, 0x00, 0x00, 0x00, 0x00, 0x00, 0x00, 0x00, 0x00, 0x00,
        0x00, 0x00, 0x00, 0x00, 0x00, 0x00, 0x00, 0x00, 0x00, 0x00, 0x00, 0x00, 0x00, 0x00, 0x00, 0x00,
        0x00, 0x00, 0x00, 0x00, 0x00, 0x00, 0x00, 0x00, 0x00, 0x00, 0x00, 0x00, 0x00, 0x00, 0x00, 0x00,
        0x40, 0x53, 0x46, 0x56, 0x00, 0x00, 0x01, 0xF8, 0x00, 0x18, 0x00, 0x18, 0x00, 0x00, 0x00, 0x01,
        0x00, 0x00, 0x00, 0x00, 0x00, 0x00, 0x00, 0x1E, 0x00, 0x00, 0x00, 0x00, 0x00, 0x00, 0x00, 0x00,
        0x40, 0x55, 0x54, 0x46, 0x00, 0x00, 0x01, 0xC0, 0x00, 0x00, 0x00, 0x7C, 0x00, 0x00, 0x00, 0xC6,
        0x00, 0x00, 0x01, 0xC0, 0x00, 0x00, 0x00, 0x07, 0x00, 0x14, 0x00, 0x4A, 0x00, 0x00, 0x00, 0x01,
        0x54, 0x00, 0x00, 0x00, 0x15, 0x54, 0x00, 0x00, 0x00, 0x1B, 0x54, 0x00, 0x00, 0x00, 0x22, 0x54,
        0x00, 0x00, 0x00, 0x2C, 0x54, 0x00, 0x00, 0x00, 0x37, 0x54, 0x00, 0x00, 0x00, 0x42, 0x54, 0x00,
        0x00, 0x00, 0x4E, 0x50, 0x00, 0x00, 0x00, 0x59, 0x50, 0x00, 0x00, 0x00, 0x65, 0x54, 0x00, 0x00,
        0x00, 0x70, 0x54, 0x00, 0x00, 0x00, 0x7B, 0x54, 0x00, 0x00, 0x00, 0x88, 0x54, 0x00, 0x00, 0x00,
        0x94, 0x54, 0x00, 0x00, 0x00, 0xA0, 0x54, 0x00, 0x00, 0x00, 0xAF, 0x54, 0x00, 0x00, 0x00, 0xBD,
        0x54, 0x00, 0x00, 0x00, 0xC4, 0x54, 0x00, 0x00, 0x00, 0xD0, 0x54, 0x00, 0x00, 0x00, 0xE1, 0x54,
        0x00, 0x00, 0x00, 0xED, 0x00, 0x00, 0x02, 0x80, 0x00, 0x00, 0x01, 0x68, 0x00, 0x00, 0x02, 0x80,
        0x00, 0x00, 0x01, 0x68, 0x00, 0x00, 0x02, 0x80, 0x00, 0x00, 0x01, 0x68, 0x00, 0x00, 0x00, 0x00,
        0x0B, 0x01, 0x00, 0x00, 0x00, 0x00, 0x00, 0x00, 0x00, 0x03, 0x00, 0x00, 0x75, 0x12, 0x00, 0x00,
        0x03, 0xE8, 0x00, 0x00, 0x00, 0x01, 0x00, 0x00, 0x00, 0xC0, 0x00, 0x00, 0x26, 0xA0, 0x00, 0x00,
        0x00, 0x00, 0x00, 0x00, 0x00, 0x00, 0x00, 0x00, 0x00, 0x00, 0x00, 0x00, 0x00, 0x00, 0x3C, 0x4E,
        0x55, 0x4C, 0x4C, 0x3E, 0x00, 0x56, 0x49, 0x44, 0x45, 0x4F, 0x5F, 0x48, 0x44, 0x52, 0x49, 0x4E,
        0x46, 0x4F, 0x00, 0x77, 0x69, 0x64, 0x74, 0x68, 0x00, 0x68, 0x65, 0x69, 0x67, 0x68, 0x74, 0x00,
        0x6D, 0x61, 0x74, 0x5F, 0x77, 0x69, 0x64, 0x74, 0x68, 0x00, 0x6D, 0x61, 0x74, 0x5F, 0x68, 0x65,
        0x69, 0x67, 0x68, 0x74, 0x00, 0x64, 0x69, 0x73, 0x70, 0x5F, 0x77, 0x69, 0x64, 0x74, 0x68, 0x00,
        0x64, 0x69, 0x73, 0x70, 0x5F, 0x68, 0x65, 0x69, 0x67, 0x68, 0x74, 0x00, 0x73, 0x63, 0x72, 0x6E,
        0x5F, 0x77, 0x69, 0x64, 0x74, 0x68, 0x00, 0x6D, 0x70, 0x65, 0x67, 0x5F, 0x64, 0x63, 0x70, 0x72,
        0x65, 0x63, 0x00, 0x6D, 0x70, 0x65, 0x67, 0x5F, 0x63, 0x6F, 0x64, 0x65, 0x63, 0x00, 0x61, 0x6C,
        0x70, 0x68, 0x61, 0x5F, 0x74, 0x79, 0x70, 0x65, 0x00, 0x74, 0x6F, 0x74, 0x61, 0x6C, 0x5F, 0x66,
        0x72, 0x61, 0x6D, 0x65, 0x73, 0x00, 0x66, 0x72, 0x61, 0x6D, 0x65, 0x72, 0x61, 0x74, 0x65, 0x5F,
        0x6E, 0x00, 0x66, 0x72, 0x61, 0x6D, 0x65, 0x72, 0x61, 0x74, 0x65, 0x5F, 0x64, 0x00, 0x6D, 0x65,
        0x74, 0x61, 0x64, 0x61, 0x74, 0x61, 0x5F, 0x63, 0x6F, 0x75, 0x6E, 0x74, 0x00, 0x6D, 0x65, 0x74,
        0x61, 0x64, 0x61, 0x74, 0x61, 0x5F, 0x73, 0x69, 0x7A, 0x65, 0x00, 0x69, 0x78, 0x73, 0x69, 0x7A,
        0x65, 0x00, 0x70, 0x72, 0x65, 0x5F, 0x70, 0x61, 0x64, 0x64, 0x69, 0x6E, 0x67, 0x00, 0x6D, 0x61,
        0x78, 0x5F, 0x70, 0x69, 0x63, 0x74, 0x75, 0x72, 0x65, 0x5F, 0x73, 0x69, 0x7A, 0x65, 0x00, 0x63,
        0x6F, 0x6C, 0x6F, 0x72, 0x5F, 0x73, 0x70, 0x61, 0x63, 0x65, 0x00, 0x70, 0x69, 0x63, 0x74, 0x75,
        0x72, 0x65, 0x5F, 0x74, 0x79, 0x70, 0x65, 0x00, 0x00, 0x00, 0x00, 0x00, 0x00, 0x00, 0x00, 0x00,
        0x00, 0x00, 0x00, 0x00, 0x00, 0x00, 0x00, 0x00, 0x00, 0x00, 0x00, 0x00, 0x00, 0x00, 0x00, 0x00,
        0x40, 0x53, 0x46, 0x56, 0x00, 0x00, 0x00, 0x38, 0x00, 0x18, 0x00, 0x00, 0x00, 0x00, 0x00, 0x02,
        0x00, 0x00, 0x00, 0x00, 0x00, 0x00, 0x00, 0x1E, 0x00, 0x00, 0x00, 0x00, 0x00, 0x00, 0x00, 0x00,
        0x23, 0x48, 0x45, 0x41, 0x44, 0x45, 0x52, 0x20, 0x45, 0x4E, 0x44, 0x20, 0x20, 0x20, 0x20, 0x20,
        0x3D, 0x3D, 0x3D, 0x3D, 0x3D, 0x3D, 0x3D, 0x3D, 0x3D, 0x3D, 0x3D, 0x3D, 0x3D, 0x3D, 0x3D, 0x00,
        0x40, 0x53, 0x46, 0x56, 0x00, 0x00, 0x00, 0xB8, 0x00, 0x18, 0x00, 0x20, 0x00, 0x00, 0x00, 0x03,
        0x00, 0x00, 0x00, 0x00, 0x00, 0x00, 0x00, 0x1E, 0x00, 0x00, 0x00, 0x00, 0x00, 0x00, 0x00, 0x00,
        0x40, 0x55, 0x54, 0x46, 0x00, 0x00, 0x00, 0x78, 0x00, 0x00, 0x00, 0x2C, 0x00, 0x00, 0x00, 0x3C,
        0x00, 0x00, 0x00, 0x78, 0x00, 0x00, 0x00, 0x07, 0x00, 0x04, 0x00, 0x10, 0x00, 0x00, 0x00, 0x01,
        0x56, 0x00, 0x00, 0x00, 0x16, 0x55, 0x00, 0x00, 0x00, 0x1F, 0x53, 0x00, 0x00, 0x00, 0x29, 0x53,
        0x00, 0x00, 0x00, 0x32, 0x00, 0x00, 0x00, 0x00, 0x00, 0x00, 0x0B, 0x40, 0x00, 0x00, 0x00, 0x00,
        0x00, 0x00, 0x00, 0x00, 0x3C, 0x4E, 0x55, 0x4C, 0x4C, 0x3E, 0x00, 0x56, 0x49, 0x44, 0x45, 0x4F,
        0x5F, 0x53, 0x45, 0x45, 0x4B, 0x49, 0x4E, 0x46, 0x4F, 0x00, 0x6F, 0x66, 0x73, 0x5F, 0x62, 0x79,
        0x74, 0x65, 0x00, 0x6F, 0x66, 0x73, 0x5F, 0x66, 0x72, 0x6D, 0x69, 0x64, 0x00, 0x6E, 0x75, 0x6D,
        0x5F, 0x73, 0x6B, 0x69, 0x70, 0x00, 0x72, 0x65, 0x73, 0x76, 0x00, 0x00, 0x00, 0x00, 0x00, 0x00,
        0x00, 0x00, 0x00, 0x00, 0x00, 0x00, 0x00, 0x00, 0x00, 0x00, 0x00, 0x00, 0x00, 0x00, 0x00, 0x00,
        0x00, 0x00, 0x00, 0x00, 0x00, 0x00, 0x00, 0x00, 0x00, 0x00, 0x00, 0x00, 0x00, 0x00, 0x00, 0x00,
        0x40, 0x53, 0x46, 0x56, 0x00, 0x00, 0x00, 0x38, 0x00, 0x18, 0x00, 0x00, 0x00, 0x00, 0x00, 0x02,
        0x00, 0x00, 0x00, 0x00, 0x00, 0x00, 0x00, 0x1E, 0x00, 0x00, 0x00, 0x00, 0x00, 0x00, 0x00, 0x00,
        0x23, 0x4D, 0x45, 0x54, 0x41, 0x44, 0x41, 0x54, 0x41, 0x20, 0x45, 0x4E, 0x44, 0x20, 0x20, 0x20,
        0x3D, 0x3D, 0x3D, 0x3D, 0x3D, 0x3D, 0x3D, 0x3D, 0x3D, 0x3D, 0x3D, 0x3D, 0x3D, 0x3D, 0x3D, 0x00,
        0x40, 0x53, 0x46, 0x56, 0x00, 0x00, 0x26, 0x98, 0x00, 0x18, 0x00, 0x06, 0x00, 0x00, 0x00, 0x00,
        0x00, 0x00, 0x00, 0x00, 0x00, 0x00, 0x0B, 0xB5, 0x00, 0x00, 0x00, 0x00, 0x00, 0x00, 0x00, 0x00,
        0x00, 0x00, 0x01, 0xB3, 0x28, 0x01, 0x68, 0x14, 0xFF, 0xFF, 0xE9, 0x82, 0x10, 0x04, 0x04, 0x04,
        0x04, 0x04, 0x08, 0x04, 0x04, 0x08, 0x08, 0x08, 0x04, 0x08, 0x08, 0x08, 0x08, 0x08, 0x08, 0x08,
        0x08, 0x08, 0x08, 0x08, 0x10, 0x08, 0x08, 0x08, 0x08, 0x10, 0x10, 0x10, 0x10, 0x10, 0x10, 0x08,
        0x08, 0x08, 0x08, 0x10, 0x08, 0x08, 0x08, 0x08, 0x08, 0x08, 0x08, 0x08, 0x08, 0x08, 0x08, 0x08,
        0x08, 0x08, 0x08, 0x08, 0x08, 0x08, 0x10, 0x10, 0x10, 0x20, 0x20, 0x41, 0x04, 0x04, 0x04, 0x04,
        0x04, 0x04, 0x04, 0x04, 0x04, 0x04, 0x04, 0x04, 0x04, 0x04, 0x04, 0x04, 0x04, 0x04, 0x04, 0x04,
        0x04, 0x04, 0x04, 0x04, 0x04, 0x04, 0x04, 0x04, 0x04, 0x04, 0x04, 0x04, 0x04, 0x04, 0x04, 0x04,
        0x04, 0x04, 0x04, 0x04, 0x04, 0x04, 0x04, 0x04, 0x04, 0x04, 0x04, 0x04, 0x04, 0x04, 0x04, 0x04,
        0x04, 0x04, 0x04, 0x04, 0x04, 0x04, 0x04, 0x04, 0x04, 0x04, 0x04, 0x04, 0x00, 0x00, 0x01, 0xB2,
        0x00, 0x87, 0x71, 0x48, 0x01, 0x03, 0xD1, 0x00, 0x54, 0x4D, 0x50, 0x47, 0x45, 0x58, 0x53, 0x00,
        0x30, 0x30, 0x30, 0x30, 0x30, 0x30, 0x32, 0x38, 0x49, 0x44, 0x43, 0x50, 0x52, 0x45, 0x43, 0x00,
        0x30, 0x30, 0x30, 0x30, 0x30, 0x30, 0x30, 0x38, 0x30, 0x30, 0x30, 0x30, 0x30, 0x30, 0x30, 0x33,
        0x54, 0x4D, 0x50, 0x47, 0x45, 0x58, 0x45, 0x00, 0x30, 0x30, 0x30, 0x30, 0x30, 0x30, 0x30, 0x30,
        0x00, 0x00, 0x01, 0xB8, 0x00, 0x08, 0x00, 0x40, 0x00, 0x00, 0x01, 0x00, 0x00, 0x0F, 0xFF, 0xF8,
        0x00, 0x00, 0x01, 0x01, 0x0B, 0xFF, 0x23, 0x20, 0x83, 0x70, 0x08, 0x17, 0x80, 0x8B, 0xC8, 0x00,
        0xEC, 0x12, 0x7F, 0x10, 0x09, 0xA0, 0x90, 0x0C, 0x04, 0x0B, 0xC0, 0x40, 0xBC, 0x03, 0x20, 0x87,
        0xC8, 0x00, 0xEC, 0x12, 0x7F, 0x03, 0x00, 0x06, 0x16, 0xE8, 0x06, 0x00, 0x4E, 0x80, 0x15, 0xA2,
        0xE8, 0xB9, 0xEF, 0x8A, 0x18, 0x08, 0x16, 0x00, 0x81, 0x70, 0x06, 0x01, 0x0F, 0x90, 0x01, 0xB8,
        0x24, 0xF7, 0x00, 0x6A, 0x00, 0x31, 0x90, 0x30, 0x10, 0x2D, 0x01, 0x02, 0xE0, 0x11, 0x79, 0x00,
        0x19, 0x82, 0x4F, 0x70, 0x06, 0xA0, 0x9B, 0xF9, 0x74, 0x00, 0x74, 0x01, 0x34, 0xA1, 0x80, 0x13,
        0xA0, 0x05, 0x71, 0x17, 0xC4, 0x0C, 0x04, 0x0B, 0x40, 0x40, 0xB8, 0x03, 0x00, 0x87, 0xC8, 0x00,
        0xCC, 0x12, 0x7B, 0x80, 0x35, 0x04, 0xDF, 0xC9, 0x41, 0x06, 0xD0, 0x10, 0x2E, 0x01, 0x17, 0x90,
        0x01, 0x98, 0x24, 0xF7, 0x00, 0x6A, 0x00, 0x31, 0xBA, 0x00, 0x3A, 0x00, 0x9A, 0x58, 0x8B, 0xE5,
        0x02, 0x0D, 0xA0, 0x20, 0x5A, 0x02, 0x2F, 0x20, 0x03, 0x70, 0x49, 0xEE, 0x00, 0xD4, 0x00, 0x63,
        0x00, 0x41, 0xB4, 0x04, 0x0B, 0x80, 0x45, 0xE4, 0x00, 0x6E, 0x09, 0x3D, 0xC0, 0x1A, 0x80, 0x0C,
        0x6D, 0xD4, 0x88, 0xBC, 0x20, 0x83, 0x68, 0x08, 0x17, 0x00, 0x8B, 0xC8, 0x00, 0xCC, 0x12, 0x7B,
        0x00, 0x35, 0x00, 0x18, 0xC4, 0x10, 0x6D, 0x01, 0x02, 0xD0, 0x11, 0x79, 0x00, 0x1B, 0x82, 0x4F,
        0x70, 0x06, 0xA0, 0x03, 0x1B, 0x6D, 0x22, 0x2F, 0x38, 0x0E, 0x81, 0x02, 0xD0, 0x10, 0x2E, 0x00,
        0x0F, 0xC1, 0x0F, 0x90, 0x01, 0x98, 0x24, 0xF7, 0x00, 0x6A, 0x00, 0x31, 0xB1, 0x06, 0x02, 0x05,
        0x80, 0x20, 0x5A, 0x01, 0x84, 0x02, 0x17, 0x20, 0x03, 0x32, 0x40, 0x22, 0xF6, 0x00, 0x6A, 0x00,
        0x31, 0xBB, 0x40, 0x3A, 0x0C, 0x0D, 0x00, 0x3F, 0x24, 0x58, 0x83, 0x00, 0x26, 0x40, 0x0A, 0xA2,
        0x2F, 0x08, 0x20, 0xDA, 0x02, 0x05, 0xA0, 0x22, 0xF2, 0x00, 0x33, 0x04, 0x9E, 0xE0, 0x0D, 0x40,
        0x06, 0x36, 0x70, 0x41, 0xB4, 0x04, 0x0B, 0x80, 0x45, 0xE4, 0x00, 0x6E, 0x09, 0x3D, 0x80, 0x27,
        0x00, 0x18, 0xDD, 0x5B, 0x3C, 0x45, 0xE2, 0x04, 0x1B, 0x40, 0x40, 0xB8, 0x04, 0x5E, 0x60, 0x06,
        0xE0, 0x93, 0xDC, 0x01, 0xA8, 0x00, 0xC6, 0x80, 0x83, 0x68, 0x08, 0x17, 0x00, 0x8B, 0xC8, 0x00,
        0xDC, 0x12, 0x7B, 0x00, 0x35, 0x00, 0x18, 0xDB, 0x69, 0x11, 0x78, 0x81, 0x06, 0xD0, 0x10, 0x2E,
        0x01, 0x17, 0x90, 0x01, 0xB8, 0x24, 0xF6, 0x00, 0x9C, 0x00, 0x63, 0x40, 0x41, 0xB4, 0x04, 0x0B,
        0x80, 0x45, 0xE6, 0x00, 0x6E, 0x09, 0x3D, 0xC0, 0x1A, 0x80, 0x0C, 0x6D, 0xB4, 0x88, 0xBC, 0x40,
        0x83, 0x68, 0x08, 0x17, 0x00, 0x8B, 0xC8, 0x00, 0xDC, 0x12, 0x7B, 0x00, 0x35, 0x00, 0x18, 0xD0,
        0x10, 0x6D, 0x01, 0x02, 0xE0, 0x11, 0x79, 0x00, 0x1B, 0x82, 0x4F, 0x60, 0x09, 0xC0, 0x06, 0x36,
        0xDA, 0x44, 0x5E, 0x20, 0x41, 0xB4, 0x04, 0x0B, 0x80, 0x45, 0xE6, 0x00, 0x6E, 0x09, 0x3D, 0xC0,
        0x1A, 0x80, 0x0C, 0x68, 0x08, 0x36, 0x80, 0x81, 0x70, 0x08, 0xBC, 0x80, 0x0D, 0xC1, 0x27, 0xB0,
        0x03, 0x50, 0x01, 0x8D, 0xB6, 0x91, 0x17, 0x88, 0x10, 0x6D, 0x01, 0x02, 0xE0, 0x11, 0x79, 0x00,
        0x1B, 0x82, 0x4F, 0x60, 0x09, 0xC0, 0x06, 0x34, 0x04, 0x1B, 0x40, 0x40, 0xB8, 0x04, 0x5E, 0x60,
        0x06, 0xE0, 0x93, 0xDC, 0x01, 0xA8, 0x00, 0xC6, 0xDB, 0x48, 0x8B, 0xC4, 0x08, 0x36, 0x80, 0x81,
        0x70, 0x08, 0xBC, 0x80, 0x0D, 0xC1, 0x27, 0xB0, 0x03, 0x50, 0x01, 0x8D, 0x01, 0x06, 0xD0, 0x10,
        0x2E, 0x01, 0x17, 0x90, 0x01, 0xB8, 0x24, 0xF6, 0x00, 0x9C, 0x00, 0x63, 0x6D, 0xA4, 0x45, 0xE2,
        0x04, 0x1B, 0x40, 0x40, 0xB8, 0x04, 0x5E, 0x60, 0x06, 0xE0, 0x93, 0xDC, 0x01, 0xA8, 0x00, 0xC6,
        0x80, 0x83, 0x68, 0x08, 0x17, 0x00, 0x8B, 0xC8, 0x00, 0xDC, 0x12, 0x7B, 0x00, 0x35, 0x00, 0x18,
        0xDB, 0x69, 0x11, 0x78, 0x81, 0x06, 0xD0, 0x10, 0x2E, 0x01, 0x17, 0x90, 0x01, 0xB8, 0x24, 0xF6,
        0x00, 0x9C, 0x00, 0x63, 0x40, 0x41, 0xB4, 0x04, 0x0B, 0x80, 0x45, 0xE6, 0x00, 0x6E, 0x09, 0x3D,
        0xC0, 0x1A, 0x80, 0x0C, 0x6D, 0xB4, 0x88, 0xBC, 0x40, 0x83, 0x68, 0x08, 0x17, 0x00, 0x8B, 0xC8,
        0x00, 0xDC, 0x12, 0x7B, 0x00, 0x35, 0x00, 0x18, 0xD0, 0x10, 0x6D, 0x01, 0x02, 0xE0, 0x11, 0x79,
        0x00, 0x1B, 0x82, 0x4F, 0x60, 0x09, 0xC0, 0x06, 0x36, 0xDA, 0x44, 0x5E, 0x20, 0x41, 0xB4, 0x04,
        0x0B, 0x80, 0x45, 0xE6, 0x00, 0x6E, 0x09, 0x3D, 0xC0, 0x1A, 0x80, 0x0C, 0x68, 0x08, 0x36, 0x80,
        0x81, 0x70, 0x08, 0xBC, 0x80, 0x0D, 0xC1, 0x27, 0xB0, 0x03, 0x50, 0x01, 0x8D, 0xB6, 0x91, 0x17,
        0x88, 0x10, 0x6D, 0x01, 0x02, 0xE0, 0x11, 0x79, 0x00, 0x1B, 0x82, 0x4F, 0x60, 0x09, 0xC0, 0x06,
        0x34, 0x04, 0x1B, 0x40, 0x40, 0xB8, 0x04, 0x5E, 0x60, 0x06, 0xE0, 0x93, 0xDC, 0x01, 0xA8, 0x00,
        0xC6, 0xDB, 0x48, 0x8B, 0xC4, 0x08, 0x36, 0x80, 0x81, 0x70, 0x08, 0xBC, 0x80, 0x0D, 0xC1, 0x27,
        0xB0, 0x03, 0x50, 0x01, 0x8D, 0x01, 0x06, 0xD0, 0x10, 0x2E, 0x01, 0x17, 0x90, 0x01, 0xB8, 0x24,
        0xF6, 0x00, 0x9C, 0x00, 0x63, 0x6D, 0xA4, 0x45, 0xE2, 0x04, 0x1B, 0x40, 0x40, 0xB8, 0x04, 0x5E,
        0x60, 0x06, 0xE0, 0x93, 0xDC, 0x01, 0xA8, 0x00, 0xC6, 0x80, 0x83, 0x68, 0x08, 0x17, 0x00, 0x8B,
        0xC8, 0x00, 0xDC, 0x12, 0x7B, 0x00, 0x35, 0x00, 0x18, 0xDB, 0x69, 0x11, 0x78, 0x81, 0x06, 0xD0,
        0x10, 0x2E, 0x01, 0x17, 0x90, 0x01, 0xB8, 0x24, 0xF6, 0x00, 0x9C, 0x00, 0x63, 0x40, 0x41, 0xB4,
        0x04, 0x0B, 0x80, 0x45, 0xE6, 0x00, 0x6E, 0x09, 0x3D, 0xC0, 0x1A, 0x80, 0x0C, 0x6D, 0xB4, 0x88,
        0xBC, 0x40, 0x83, 0x68, 0x08, 0x17, 0x00, 0x8B, 0xC8, 0x00, 0xDC, 0x12, 0x7B, 0x00, 0x35, 0x00,
        0x18, 0xD0, 0x10, 0x6D, 0x01, 0x02, 0xE0, 0x11, 0x79, 0x00, 0x1B, 0x82, 0x4F, 0x60, 0x09, 0xC0,
        0x06, 0x36, 0xDA, 0x44, 0x5E, 0x20, 0x41, 0xB4, 0x04, 0x0B, 0x80, 0x45, 0xE6, 0x00, 0x6E, 0x09,
        0x3D, 0xC0, 0x1A, 0x80, 0x0C, 0x68, 0x08, 0x36, 0x80, 0x81, 0x70, 0x08, 0xBC, 0x80, 0x0D, 0xC1,
        0x27, 0xB0, 0x03, 0x50, 0x01, 0x8D, 0xB6, 0x91, 0x17, 0x88, 0x10, 0x6D, 0x01, 0x02, 0xE0, 0x11,
        0x79, 0x00, 0x1B, 0x82, 0x4F, 0x60, 0x09, 0xC0, 0x06, 0x34, 0x04, 0x1B, 0x40, 0x40, 0xB8, 0x04,
        0x5E, 0x60, 0x06, 0xE0, 0x93, 0xDC, 0x01, 0xA8, 0x00, 0xC6, 0xDB, 0x48, 0x8B, 0xC4, 0x08, 0x36,
        0x80, 0x81, 0x70, 0x08, 0xBC, 0x80, 0x0D, 0xC1, 0x27, 0xB0, 0x03, 0x50, 0x01, 0x8D, 0x01, 0x06,
        0xD0, 0x10, 0x2E, 0x01, 0x17, 0x90, 0x01, 0xB8, 0x24, 0xF6, 0x00, 0x9C, 0x00, 0x63, 0x6D, 0xA4,
        0x45, 0xE2, 0x04, 0x1B, 0x40, 0x40, 0xB8, 0x04, 0x5E, 0x60, 0x06, 0xE0, 0x93, 0xDC, 0x01, 0xA8,
        0x00, 0xC6, 0x80, 0x83, 0x68, 0x08, 0x17, 0x00, 0x8B, 0xC8, 0x00, 0xDC, 0x12, 0x7B, 0x00, 0x35,
        0x00, 0x18, 0xDB, 0x69, 0x11, 0x78, 0x81, 0x06, 0xD0, 0x10, 0x2E, 0x01, 0x17, 0x90, 0x01, 0xB8,
        0x24, 0xF6, 0x00, 0x9C, 0x00, 0x63, 0x40, 0x41, 0xB4, 0x04, 0x0B, 0x80, 0x45, 0xE6, 0x00, 0x6E,
        0x09, 0x3D, 0xC0, 0x1A, 0x80, 0x0C, 0x6D, 0xB4, 0x88, 0xBC, 0x40, 0x83, 0x68, 0x08, 0x17, 0x00,
        0x8B, 0xC8, 0x00, 0xDC, 0x12, 0x7B, 0x00, 0x35, 0x00, 0x18, 0xD0, 0x10, 0x6D, 0x01, 0x02, 0xE0,
        0x11, 0x79, 0x00, 0x1B, 0x82, 0x4F, 0x60, 0x09, 0xC0, 0x06, 0x36, 0xDA, 0x44, 0x5E, 0x20, 0x41,
        0xB4, 0x04, 0x0B, 0x80, 0x45, 0xE6, 0x00, 0x6E, 0x09, 0x3D, 0xC0, 0x1A, 0x80, 0x0C, 0x68, 0x08,
        0x36, 0x80, 0x81, 0x70, 0x08, 0xBC, 0x80, 0x0D, 0xC1, 0x27, 0xB0, 0x03, 0x50, 0x01, 0x8D, 0xB6,
        0x91, 0x17, 0x88, 0x10, 0x6D, 0x01, 0x02, 0xE0, 0x11, 0x79, 0x00, 0x1B, 0x82, 0x4F, 0x60, 0x09,
        0xC0, 0x06, 0x34, 0x04, 0x1B, 0x40, 0x40, 0xB8, 0x04, 0x5E, 0x60, 0x06, 0xE0, 0x93, 0xDC, 0x01,
        0xA8, 0x00, 0xC6, 0xDB, 0x48, 0x8B, 0xC4, 0x08, 0x36, 0x80, 0x81, 0x70, 0x08, 0xBC, 0x80, 0x0D,
        0xC1, 0x27, 0xB0, 0x03, 0x50, 0x01, 0x8D, 0x01, 0x06, 0xD0, 0x10, 0x2E, 0x01, 0x17, 0x90, 0x01,
        0xB8, 0x24, 0xF6, 0x00, 0x9C, 0x00, 0x63, 0x6D, 0xA4, 0x45, 0xE2, 0x04, 0x1B, 0x40, 0x40, 0xB8,
        0x04, 0x5E, 0x60, 0x06, 0xE0, 0x93, 0xDC, 0x01, 0xA8, 0x00, 0xC6, 0x80, 0x83, 0x68, 0x08, 0x17,
        0x00, 0x8B, 0xC8, 0x00, 0xDC, 0x12, 0x7B, 0x00, 0x35, 0x00, 0x18, 0xDB, 0x69, 0x11, 0x78, 0x81,
        0x06, 0xD0, 0x10, 0x2E, 0x01, 0x17, 0x90, 0x01, 0xB8, 0x24, 0xF6, 0x00, 0x9C, 0x00, 0x63, 0x40,
        0x41, 0xB4, 0x04, 0x0B, 0x80, 0x45, 0xE6, 0x00, 0x6E, 0x09, 0x3D, 0xC0, 0x1A, 0x80, 0x0C, 0x6D,
        0xB4, 0x88, 0xBC, 0x40, 0x83, 0x68, 0x08, 0x17, 0x00, 0x8B, 0xC8, 0x00, 0xDC, 0x12, 0x7B, 0x00,
        0x35, 0x00, 0x18, 0xDA, 0x01, 0x06, 0xD0, 0x10, 0x2E, 0x01, 0x17, 0x98, 0x01, 0xB8, 0x24, 0xF6,
        0x00, 0x9C, 0x00, 0x63, 0x5B, 0x68, 0x88, 0xBC, 0x40, 0x83, 0x60, 0x08, 0x16, 0x80, 0x8B, 0xC8,
        0x00, 0xCC, 0x12, 0x7B, 0x00, 0x35, 0x00, 0x18, 0xD0, 0x10, 0x6D, 0x01, 0x02, 0xD0, 0x11, 0x79,
        0x00, 0x19, 0x82, 0x4F, 0x70, 0x06, 0xA0, 0x03, 0x1B, 0x6D, 0x22, 0x2F, 0x10, 0x20, 0xDA, 0x02,
        0x05, 0xC0, 0x22, 0xF3, 0x00, 0x37, 0x04, 0x9E, 0xC0, 0x13, 0x80, 0x0C, 0x6D, 0x00, 0x83, 0x68,
        0x08, 0x17, 0x00, 0x8B, 0xC8, 0x00, 0xCC, 0x12, 0x7B, 0x00, 0x35, 0x00, 0x18, 0xD6, 0xDA, 0x62,
        0x2F, 0x08, 0x20, 0xDA, 0x02, 0x05, 0xC0, 0x22, 0xF2, 0x00, 0x33, 0x04, 0x9E, 0xC0, 0x0D, 0x40,
        0x06, 0x34, 0x04, 0x1B, 0x40, 0x40, 0xB8, 0x04, 0x5E, 0x40, 0x06, 0xE0, 0x93, 0xDC, 0x01, 0xA8,
        0x00, 0xC6, 0xDD, 0x48, 0x8B, 0xA0, 0x01, 0xF8, 0x20, 0x5A, 0x02, 0x05, 0xC0, 0x22, 0xF2, 0x00,
        0x33, 0x00, 0x98, 0x11, 0x7B, 0x00, 0x35, 0x00, 0x18, 0xC4, 0x01, 0xB0, 0x20, 0x5A, 0x02, 0x05,
        0xA0, 0x22, 0xF2, 0x00, 0x37, 0x04, 0x9E, 0xE0, 0x0D, 0x40, 0x98, 0x0A, 0xED, 0x80, 0x0F, 0xC0,
        0x06, 0x54, 0x00, 0x6C, 0x00, 0x32, 0x00, 0x19, 0xC4, 0x5E, 0x30, 0x41, 0xB4, 0x04, 0x0B, 0x80,
        0x45, 0xE4, 0x00, 0x66, 0x09, 0x3D, 0xC0, 0x1A, 0x80, 0x0C, 0x6D, 0x00, 0x0B, 0xC1, 0x02, 0xD0,
        0x10, 0x2E, 0x01, 0x17, 0x90, 0x01, 0xB8, 0x24, 0xF7, 0x00, 0x6A, 0x04, 0xC0, 0x57, 0x5D, 0x5C,
        0x00, 0xDC, 0x16, 0x7F, 0xA2, 0x2E, 0xB0, 0x41, 0xB4, 0x04, 0x0B, 0x80, 0x45, 0xE4, 0x00, 0x66,
        0x09, 0x3D, 0xC0, 0x1A, 0x80, 0x0C, 0x68, 0x08, 0x36, 0x80, 0x81, 0x70, 0x08, 0xBC, 0x80, 0x0C,
        0xC1, 0x27, 0xB8, 0x03, 0x50, 0x01, 0x8D, 0xBA, 0x91, 0x10, 0x00, 0x00, 0x01, 0x02, 0x0B, 0xFF,
        0x23, 0xD6, 0x70, 0x0D, 0x00, 0x1F, 0x02, 0x27, 0xE0, 0x68, 0x08, 0xAB, 0xEA, 0x6E, 0x8B, 0x9E,
        0xE9, 0x00, 0x3E, 0x0C, 0x80, 0x18, 0x0C, 0x85, 0x22, 0x2F, 0x18, 0x06, 0x80, 0x03, 0x0A, 0xBA,
        0xC0, 0x0D, 0x00, 0xFD, 0x5C, 0x45, 0xD4, 0x01, 0xA0, 0x1F, 0x01, 0x10, 0x00, 0xCE, 0xAE, 0xB4,
        0x03, 0x40, 0x3F, 0x55, 0x11, 0x76, 0x80, 0x6A, 0x07, 0xAA, 0xAB, 0x00, 0x35, 0x03, 0xD5, 0x71,
        0x17, 0x40, 0x18, 0x0C, 0x02, 0x48, 0x94, 0x19, 0x80, 0x69, 0x10, 0x6B, 0xFE, 0x88, 0xB9, 0x48,
        0x52, 0x22, 0xE0, 0x2C, 0x7F, 0x10, 0x23, 0x40, 0x6B, 0xFE, 0x84, 0x45, 0x98, 0x02, 0xC7, 0xF1,
        0x02, 0x91, 0x06, 0xBF, 0xE8, 0x8B, 0x94, 0x85, 0x22, 0x2E, 0x02, 0xC7, 0xF1, 0x02, 0x34, 0x06,
        0xBF, 0xE8, 0x44, 0x59, 0x80, 0x2C, 0x7F, 0x10, 0x29, 0x10, 0x6B, 0xFE, 0x88, 0xB9, 0x48, 0x52,
        0x22, 0xE0, 0x2C, 0x7F, 0x10, 0x23, 0x40, 0x6B, 0xFE, 0x84, 0x45, 0x98, 0x02, 0xC7, 0xF1, 0x02,
        0x91, 0x06, 0xBF, 0xE8, 0x8B, 0x94, 0x85, 0x22, 0x2E, 0x02, 0xC7, 0xF1, 0x02, 0x34, 0x06, 0xBF,
        0xE8, 0x44, 0x59, 0x80, 0x2C, 0x7F, 0x10, 0x29, 0x10, 0x6B, 0xFE, 0x88, 0xB9, 0x48, 0x52, 0x22,
        0xE0, 0x2C, 0x7F, 0x10, 0x23, 0x40, 0x6B, 0xFE, 0x84, 0x45, 0x98, 0x02, 0xC7, 0xF1, 0x02, 0x91,
        0x06, 0xBF, 0xE8, 0x8B, 0x94, 0x85, 0x22, 0x2E, 0x02, 0xC7, 0xF1, 0x02, 0x34, 0x06, 0xBF, 0xE8,
        0x44, 0x59, 0x80, 0x2C, 0x7F, 0x10, 0x29, 0x10, 0x6B, 0xFE, 0x88, 0xB9, 0x48, 0x52, 0x22, 0xE0,
        0x2C, 0x7F, 0x10, 0x23, 0x40, 0x6B, 0xFE, 0x84, 0x45, 0x98, 0x02, 0xC7, 0xF1, 0x02, 0x91, 0x06,
        0xBF, 0xE8, 0x8B, 0x94, 0x85, 0x22, 0x2E, 0x02, 0xC7, 0xF1, 0x02, 0x34, 0x06, 0xBF, 0xE8, 0x44,
        0x59, 0x80, 0x2C, 0x7F, 0x10, 0x29, 0x10, 0x6B, 0xFE, 0x88, 0xB9, 0x48, 0x52, 0x22, 0xE0, 0x2C,
        0x7F, 0x10, 0x23, 0x40, 0x6B, 0xFE, 0x84, 0x45, 0x98, 0x02, 0xC7, 0xF1, 0x02, 0x91, 0x06, 0xBF,
        0xE8, 0x8B, 0x94, 0x85, 0x22, 0x2E, 0x02, 0xC7, 0xF1, 0x02, 0x34, 0x06, 0xBF, 0xE8, 0x44, 0x59,
        0xB4, 0xD9, 0x6D, 0x31, 0x17, 0x2D, 0x36, 0x6B, 0x4C, 0x45, 0xCA, 0x52, 0x91, 0x17, 0x22, 0x06,
        0x03, 0x21, 0x48, 0x8B, 0xEA, 0x00, 0x6A, 0x07, 0xAB, 0x2A, 0xC0, 0x35, 0x03, 0xD5, 0x91, 0x10,
        0x00, 0x00, 0x01, 0x03, 0x0B, 0xFF, 0x22, 0x61, 0x80, 0x1A, 0x02, 0x2F, 0xE4, 0x03, 0x00, 0x74,
        0x08, 0xBF, 0x92, 0x52, 0xE8, 0xB9, 0xEF, 0x9F, 0x4A, 0x52, 0x22, 0xE4, 0xA1, 0x81, 0x80, 0x66,
        0x6A, 0xA0, 0x0D, 0x00, 0xF8, 0x08, 0xA2, 0x2C, 0x80, 0x1B, 0x00, 0xF6, 0xAE, 0x14, 0x88, 0xB4,
        0x01, 0xD0, 0x60, 0x19, 0x1B, 0x55, 0x58, 0x01, 0xA0, 0x1F, 0x05, 0x5F, 0xEA, 0xA8, 0x8B, 0x34,
        0xA5, 0x22, 0x2E, 0x52, 0x11, 0x88, 0xB9, 0x4A, 0x42, 0x22, 0xCD, 0x29, 0x48, 0x8B, 0x94, 0x84,
        0x62, 0x2E, 0x52, 0x90, 0x88, 0xB3, 0x4A, 0x52, 0x22, 0xE5, 0x21, 0x18, 0x8B, 0x94, 0xA4, 0x22,
        0x2C, 0xD2, 0x94, 0x88, 0xB9, 0x48, 0x46, 0x22, 0xE5, 0x29, 0x08, 0x8B, 0x34, 0xA5, 0x22, 0x2E,
        0x52, 0x11, 0x88, 0xB9, 0x4A, 0x42, 0x22, 0xCD, 0x29, 0x48, 0x8B, 0x94, 0x84, 0x62, 0x2E, 0x52,
        0x90, 0x88, 0xB3, 0x4A, 0x52, 0x22, 0xE5, 0x21, 0x18, 0x8B, 0x94, 0xA4, 0x22, 0x2C, 0xD2, 0x94,
        0x88, 0xB9, 0x48, 0x46, 0x22, 0xE5, 0x29, 0x08, 0x8B, 0x34, 0xA5, 0x22, 0x2E, 0x52, 0x11, 0x88,
        0xB9, 0x4A, 0x42, 0x22, 0xCD, 0x29, 0x48, 0x8B, 0x94, 0x84, 0x62, 0x2E, 0x52, 0x90, 0x88, 0xB3,
        0x68, 0xB3, 0xDA, 0x22, 0x2C, 0xD9, 0xAD, 0x16, 0x78, 0x8B, 0xDA, 0x01, 0xA8, 0x1E, 0xAC, 0xAA,
        0x00, 0xD4, 0x0F, 0x56, 0xC4, 0x5C, 0x88, 0x68, 0x0A, 0x61, 0x48, 0x8B, 0xB8, 0x10, 0x47, 0x00,
        0x74, 0x1A, 0x01, 0x3D, 0x78, 0x03, 0xF0, 0x05, 0xC0, 0x3A, 0x0C, 0x00, 0x9A, 0xC5, 0x5E, 0x00,
        0xDC, 0x00, 0x64, 0x00, 0x33, 0x88, 0x80, 0x00, 0x00, 0x01, 0x04, 0x0B, 0xFF, 0x21, 0xF2, 0x00,
        0xE8, 0x30, 0x11, 0x3F, 0x2D, 0x20, 0x3A, 0x00, 0x9E, 0xE5, 0x80, 0xE8, 0x02, 0x6B, 0xA2, 0xE7,
        0xB7, 0x00, 0x3F, 0x03, 0x14, 0x00, 0x12, 0x80, 0xAA, 0xA8, 0x0C, 0x06, 0x01, 0x2B, 0x44, 0x45,
        0xE7, 0xAA, 0x00, 0xD0, 0x0F, 0xD7, 0x80, 0xE8, 0x02, 0x69, 0x62, 0x2F, 0x35, 0x28, 0x00, 0xB8,
        0x0F, 0x82, 0xA8, 0x15, 0x9C, 0x1C, 0xBF, 0xA2, 0x2E, 0x52, 0x94, 0x88, 0xB9, 0x4A, 0x03, 0x97,
        0xF5, 0x22, 0x2E, 0x52, 0x94, 0x07, 0x2F, 0xE8, 0x8B, 0x94, 0xA5, 0x22, 0x2E, 0x52, 0x80, 0xE5,
        0xFD, 0x48, 0x8B, 0x94, 0xA5, 0x01, 0xCB, 0xFA, 0x22, 0xE5, 0x29, 0x48, 0x8B, 0x94, 0xA0, 0x39,
        0x7F, 0x52, 0x22, 0xE5, 0x29, 0x40, 0x72, 0xFE, 0x88, 0xB9, 0x4A, 0x52, 0x22, 0xE5, 0x28, 0x0E,
        0x5F, 0xD4, 0x88, 0xB9, 0x4A, 0x50, 0x1C, 0xBF, 0xA2, 0x2E, 0x52, 0x94, 0x88, 0xB9, 0x4A, 0x03,
        0x97, 0xF5, 0x22, 0x2E, 0x52, 0x94, 0x07, 0x2F, 0xE8, 0x8B, 0x94, 0xA5, 0x22, 0x2E, 0x52, 0x80,
        0xE5, 0xFD, 0x48, 0x8B, 0x94, 0xA5, 0x01, 0xCB, 0xFA, 0x22, 0xE5, 0x29, 0x48, 0x8B, 0x94, 0xA0,
        0x39, 0x7F, 0x52, 0x22, 0xE5, 0x29, 0x40, 0x72, 0xFE, 0x88, 0xB9, 0x4A, 0x52, 0x22, 0xE5, 0x28,
        0x0E, 0x5F, 0xD4, 0x88, 0xB9, 0x4A, 0x50, 0x1C, 0xBF, 0xA2, 0x2E, 0x52, 0x94, 0x88, 0xB9, 0x4A,
        0x03, 0x97, 0xF5, 0x22, 0x2E, 0x52, 0x94, 0x07, 0x2F, 0xE8, 0x8B, 0x94, 0xA5, 0x22, 0x2E, 0x52,
        0x80, 0xE5, 0xFD, 0x48, 0x8B, 0x94, 0xA5, 0x01, 0xCB, 0xFA, 0x22, 0xE5, 0x29, 0x48, 0x8B, 0x95,
        0x80, 0x3B, 0x01, 0xD0, 0x22, 0x7E, 0x06, 0x55, 0x83, 0x97, 0xF5, 0x22, 0x2E, 0xD0, 0xC0, 0x1D,
        0x02, 0x2F, 0xE4, 0x00, 0x04, 0xA0, 0x3C, 0xAB, 0xB4, 0x44, 0x5C, 0xAF, 0x01, 0xD8, 0x0A, 0x03,
        0x6A, 0x2D, 0x31, 0x17, 0x29, 0x4A, 0x44, 0x5B, 0x06, 0x80, 0xEC, 0x0C, 0x5A, 0x00, 0x1F, 0x80,
        0xEC, 0x0C, 0x80, 0x45, 0x50, 0x03, 0xB0, 0x1D, 0x81, 0x80, 0x08, 0xAD, 0x00, 0x3B, 0x00, 0xD4,
        0x0C, 0xC4, 0x40, 0x00, 0x00, 0x01, 0x05, 0x0B, 0xFF, 0x22, 0xD7, 0x38, 0x01, 0xB0, 0x00, 0xCA,
        0xD0, 0x03, 0xA0, 0x09, 0xEC, 0x41, 0x80, 0x13, 0x22, 0xE8, 0xB9, 0xEC, 0x52, 0x94, 0x88, 0xBA,
        0x80, 0x0D, 0x80, 0x7B, 0x40, 0x03, 0x60, 0x1E, 0xD5, 0xD2, 0x22, 0xC0, 0x02, 0xE0, 0x01, 0x92,
        0x40, 0x06, 0xB5, 0x15, 0xE0, 0x0B, 0x80, 0x06, 0x49, 0x00, 0x1A, 0xD4, 0x44, 0x5C, 0xA5, 0x29,
        0x11, 0x72, 0x94, 0xA4, 0x45, 0xCA, 0x52, 0x91, 0x17, 0x29, 0x4A, 0x44, 0x5C, 0xA5, 0x29, 0x11,
        0x72, 0x94, 0xA4, 0x45, 0xCA, 0x52, 0x91, 0x17, 0x29, 0x4A, 0x44, 0x5C, 0xA5, 0x29, 0x11, 0x72,
        0x94, 0xA4, 0x45, 0xCA, 0x52, 0x91, 0x17, 0x29, 0x4A, 0x44, 0x5C, 0xA5, 0x29, 0x11, 0x72, 0x94,
        0xA4, 0x45, 0xCA, 0x52, 0x91, 0x17, 0x29, 0x4A, 0x44, 0x5C, 0xA5, 0x29, 0x11, 0x72, 0x94, 0xA4,
        0x45, 0xCA, 0x52, 0x91, 0x17, 0x29, 0x4A, 0x44, 0x5C, 0xA5, 0x29, 0x11, 0x72, 0x94, 0xA4, 0x45,
        0xCA, 0x52, 0x91, 0x17, 0x29, 0x4A, 0x44, 0x5C, 0xA5, 0x29, 0x11, 0x72, 0x94, 0xA4, 0x45, 0xCA,
        0x52, 0x91, 0x17, 0x29, 0x4A, 0x44, 0x5C, 0xA5, 0x29, 0x11, 0x72, 0x94, 0xA4, 0x45, 0xCA, 0x52,
        0x91, 0x17, 0x29, 0x4A, 0x44, 0x5C, 0xAE, 0x01, 0xD8, 0x60, 0x18, 0x0D, 0xA9, 0xAE, 0x01, 0xD8,
        0x68, 0x19, 0x0D, 0x88, 0xB6, 0x88, 0x04, 0xF0, 0xA4, 0x45, 0xDC, 0x08, 0x22, 0x81, 0x80, 0xBF,
        0xFD, 0x35, 0x9E, 0x70, 0x06, 0xE0, 0x13, 0x80, 0x47, 0x11, 0x77, 0x57, 0x80, 0x09, 0x00, 0x78,
        0x01, 0x08, 0x00, 0xBE, 0xA2, 0x91, 0x10, 0x00, 0x00, 0x01, 0x06, 0x0B, 0xFF, 0x21, 0x20, 0x0B,
        0x80, 0x27, 0x05, 0x6F, 0xEB, 0x2D, 0xA0, 0x01, 0xB0, 0x1E, 0x01, 0x18, 0x00, 0xCE, 0xCF, 0x74,
        0x5C, 0xF7, 0x24, 0x01, 0xD0, 0x60, 0x19, 0x04, 0x70, 0x44, 0x4F, 0x54, 0x01, 0xA0, 0x1F, 0x88,
        0xBA, 0xE9, 0x4A, 0x44, 0x5D, 0x60, 0x0F, 0x80, 0xFD, 0x5D, 0x60, 0x03, 0xE0, 0x3F, 0x57, 0x11,
        0x72, 0x94, 0x04, 0x60, 0x4A, 0x44, 0x5C, 0xA5, 0x28, 0x08, 0xC0, 0x91, 0x17, 0x29, 0x4A, 0x44,
        0x5C, 0xA5, 0x01, 0x18, 0x12, 0x91, 0x17, 0x29, 0x4A, 0x02, 0x30, 0x24, 0x45, 0xCA, 0x52, 0x91,
        0x17, 0x29, 0x40, 0x46, 0x04, 0xA4, 0x45, 0xCA, 0x52, 0x80, 0x8C, 0x09, 0x11, 0x72, 0x94, 0xA4,
        0x45, 0xCA, 0x50, 0x11, 0x81, 0x29, 0x11, 0x72, 0x94, 0xA0, 0x23, 0x02, 0x44, 0x5C, 0xA5, 0x29,
        0x11, 0x72, 0x94, 0x04, 0x60, 0x4A, 0x44, 0x5C, 0xA5, 0x28, 0x08, 0xC0, 0x91, 0x17, 0x29, 0x4A,
        0x44, 0x5C, 0xA5, 0x01, 0x18, 0x12, 0x91, 0x17, 0x29, 0x4A, 0x02, 0x30, 0x24, 0x45, 0xCA, 0x52,
        0x91, 0x17, 0x29, 0x40, 0x46, 0x04, 0xA4, 0x45, 0xCA, 0x52, 0x80, 0x8C, 0x09, 0x11, 0x72, 0x94,
        0xA4, 0x45, 0xCA, 0x50, 0x11, 0x81, 0x29, 0x11, 0x72, 0x94, 0xA0, 0x23, 0x02, 0x44, 0x5C, 0xA5,
        0x29, 0x11, 0x72, 0x94, 0x04, 0x60, 0x4A, 0x44, 0x5C, 0xA5, 0x28, 0x08, 0xC0, 0x91, 0x17, 0x29,
        0x4A, 0x44, 0x5C, 0xA5, 0x01, 0x18, 0x12, 0x91, 0x17, 0x29, 0x4A, 0x02, 0x30, 0x24, 0x45, 0xCA,
        0x52, 0x91, 0x17, 0x29, 0x40, 0x46, 0x04, 0xA4, 0x45, 0xCA, 0x52, 0x80, 0x8C, 0x09, 0x11, 0x72,
        0x70, 0x1D, 0x80, 0xE8, 0x0C, 0x80, 0xA4, 0x11, 0x3F, 0x24, 0xA4, 0x45, 0xDC, 0x00, 0x7C, 0x1A,
        0x0A, 0x20, 0x53, 0x59, 0xC1, 0x18, 0x12, 0xD1, 0x11, 0x72, 0x94, 0xA4, 0x45, 0xE9, 0xA5, 0x29,
        0x11, 0x00, 0x00, 0x00, 0x01, 0x07, 0x0B, 0xFF, 0x21, 0xA0, 0x3A, 0x00, 0x9E, 0xC4, 0x18, 0x01,
        0x32, 0x00, 0x55, 0x6D, 0x01, 0xD0, 0x04, 0xF6, 0x20, 0xC0, 0x09, 0x90, 0x02, 0xAB, 0xA2, 0xE7,
        0xB1, 0x50, 0x18, 0x18, 0x06, 0x2B, 0x00, 0x34, 0x00, 0x9E, 0xC3, 0x11, 0x7A, 0x29, 0x67, 0x84,
        0x45, 0x9A, 0x52, 0x91, 0x16, 0x23, 0x08, 0xC4, 0x5C, 0x84, 0x61, 0x11, 0x66, 0x94, 0xA4, 0x45,
        0x88, 0xC2, 0x31, 0x17, 0x21, 0x18, 0x44, 0x59, 0xA5, 0x29, 0x11, 0x62, 0x30, 0x8C, 0x45, 0xCA,
        0xB0, 0x1D, 0x01, 0xF0, 0x11, 0x56, 0x55, 0x80, 0x68, 0x07, 0xE2, 0x2E, 0xC0, 0x03, 0xE0, 0x0D,
        0x41, 0x18, 0x12, 0x00, 0x60, 0x34, 0x11, 0x3F, 0x2C, 0x33, 0x00, 0x6A, 0x18, 0x00, 0x35, 0x88,
        0xBD, 0x91, 0x84, 0x62, 0x2E, 0x42, 0x30, 0x88, 0xB3, 0x4A, 0x52, 0x22, 0xC4, 0x61, 0x18, 0x8B,
        0x90, 0x8C, 0x22, 0x2C, 0xD2, 0x94, 0x88, 0xB1, 0x18, 0x46, 0x22, 0xE4, 0x23, 0x08, 0x8B, 0x34,
        0xA5, 0x22, 0x2C, 0x46, 0x11, 0x88, 0xB9, 0x08, 0xC2, 0x22, 0xCD, 0x29, 0x48, 0x8B, 0x11, 0x84,
        0x62, 0x2E, 0x42, 0x40, 0x0D, 0x2A, 0xC3, 0x40, 0x27, 0x4C, 0x45, 0xE8, 0xA5, 0x29, 0x11, 0x62,
        0x30, 0x8C, 0x45, 0xC8, 0x46, 0x11, 0x16, 0x69, 0x4A, 0x44, 0x58, 0x8C, 0x23, 0x11, 0x72, 0x11,
        0x84, 0x45, 0x9A, 0x52, 0x91, 0x16, 0x23, 0x08, 0xC4, 0x5C, 0x84, 0x61, 0x11, 0x66, 0x94, 0xA4,
        0x45, 0x8A, 0xD0, 0x1D, 0x81, 0x80, 0x09, 0xC6, 0xA2, 0xAA, 0xB4, 0x03, 0x50, 0x3D, 0x11, 0x76,
        0x52, 0x95, 0x80, 0x1A, 0x81, 0xE8, 0x8B, 0xB6, 0x94, 0xA4, 0x44, 0x00, 0x00, 0x01, 0x08, 0x0B,
        0xFF, 0x21, 0x20, 0x0B, 0x80, 0x27, 0x05, 0x6F, 0xEB, 0x2D, 0xA0, 0x01, 0xB0, 0x1E, 0x01, 0x18,
        0x00, 0xCE, 0xCA, 0x18, 0x01, 0x3A, 0x00, 0x57, 0x74, 0x5C, 0xF6, 0xA0, 0x1A, 0x01, 0xFB, 0x15,
        0xA2, 0x91, 0x17, 0x9E, 0x95, 0x80, 0x06, 0xC0, 0xA2, 0x05, 0x57, 0x11, 0x72, 0x90, 0x8C, 0x45,
        0xCA, 0x52, 0x11, 0x16, 0x69, 0x4A, 0x44, 0x5C, 0xA4, 0x23, 0x11, 0x72, 0x94, 0x84, 0x45, 0x9A,
        0x52, 0x91, 0x17, 0x29, 0x08, 0xC4, 0x5C, 0xA5, 0x21, 0x11, 0x66, 0xA0, 0x01, 0x70, 0x22, 0x7E,
        0x00, 0x88, 0x00, 0x67, 0x5F, 0x00, 0x14, 0x82, 0x20, 0x24, 0x45, 0xE2, 0x03, 0x21, 0x80, 0x4D,
        0x11, 0x01, 0xD8, 0x68, 0x0A, 0x2D, 0x60, 0x07, 0xE1, 0xA0, 0x4E, 0x80, 0x07, 0xE0, 0x3B, 0x88,
        0xB2, 0x1B, 0x1A, 0x42, 0x22, 0xCD, 0x29, 0x00, 0x44, 0xFC, 0x01, 0x1C, 0x45, 0x80, 0x30, 0x1A,
        0x08, 0x80, 0x94, 0x00, 0x3E, 0x0D, 0xB2, 0x00, 0xE8, 0x30, 0x05, 0x10, 0x03, 0x01, 0x80, 0x49,
        0x11, 0x17, 0xB0, 0x00, 0xF8, 0x36, 0x80, 0x07, 0xC1, 0xB6, 0x30, 0x30, 0x18, 0x04, 0x91, 0x40,
        0x30, 0x18, 0x04, 0x91, 0x11, 0x7B, 0xA9, 0x52, 0x00, 0xFC, 0x05, 0x00, 0xAC, 0x05, 0x5D, 0x11,
        0x72, 0x90, 0x8C, 0x45, 0xCA, 0x52, 0x11, 0x16, 0x69, 0x54, 0x00, 0xD8, 0x02, 0x7B, 0x30, 0x01,
        0xF0, 0x64, 0x45, 0xEC, 0x03, 0x01, 0xA0, 0x1B, 0xCD, 0x62, 0x03, 0x01, 0x80, 0x62, 0xD6, 0x03,
        0xB0, 0x09, 0xD2, 0x0A, 0x80, 0x51, 0x16, 0xD4, 0xA4, 0x22, 0x2C, 0xD2, 0x96, 0x60, 0x0D, 0x00,
        0x34, 0x0C, 0x88, 0xBB, 0xC0, 0x0F, 0x83, 0x63, 0x62, 0x03, 0x01, 0x80, 0x49, 0x15, 0xE0, 0x0D,
        0xC1, 0x64, 0x0A, 0x22, 0xEF, 0xA5, 0x21, 0x11, 0x68, 0x01, 0xA0, 0x1F, 0x92, 0xBE, 0x91, 0x17,
        0x29, 0x08, 0xC4, 0x5C, 0xA5, 0x21, 0x11, 0x66, 0x94, 0xA4, 0x45, 0xCA, 0x42, 0x31, 0x17, 0x29,
        0x48, 0x44, 0x59, 0xA5, 0x29, 0x11, 0x72, 0x90, 0x8C, 0x45, 0xCA, 0x52, 0x11, 0x16, 0x69, 0x4A,
        0x44, 0x5C, 0xA4, 0x23, 0x11, 0x72, 0xD0, 0x1A, 0x02, 0x9B, 0x3D, 0xA2, 0x22, 0xE5, 0x68, 0x06,
        0xA0, 0x7A, 0xAA, 0x91, 0x17, 0xA6, 0x96, 0x6A, 0xF0, 0x1D, 0x80, 0xEC, 0x11, 0x3F, 0x03, 0x06,
        0xC4, 0x40, 0x00, 0x00, 0x01, 0x09, 0x0B, 0xFF, 0x20, 0xC0, 0x0F, 0x80, 0xF0, 0x08, 0xC0, 0x06,
        0x76, 0x78, 0xD5, 0x00, 0x68, 0x07, 0xC0, 0x44, 0x00, 0x33, 0xBA, 0x2E, 0x7B, 0xAE, 0x91, 0x84,
        0x45, 0xE7, 0xA5, 0x29, 0x11, 0x72, 0x94, 0xA4, 0x45, 0xCA, 0x52, 0x91, 0x17, 0x29, 0x4A, 0x44,
        0x5C, 0xA5, 0x29, 0x11, 0x72, 0x94, 0xA4, 0x45, 0xCA, 0x52, 0x91, 0x17, 0x20, 0x19, 0x1B, 0x30,
        0x03, 0xE0, 0x01, 0x94, 0x45, 0xDE, 0x06, 0x03, 0x41, 0x7F, 0xFA, 0x36, 0x20, 0x30, 0x18, 0x04,
        0xAB, 0xC0, 0x1B, 0x80, 0x0C, 0x22, 0x2E, 0xFA, 0x52, 0x91, 0x17, 0x29, 0x4A, 0x44, 0x5C, 0xA5,
        0x29, 0x11, 0x72, 0x01, 0x80, 0x13, 0x80, 0x8D, 0x11, 0xA4, 0x45, 0xE2, 0x01, 0xD0, 0x04, 0xD2,
        0xDB, 0x03, 0x00, 0x76, 0x1A, 0x18, 0x01, 0x30, 0x40, 0x0F, 0x25, 0x04, 0x1E, 0xC0, 0x1D, 0x80,
        0xF2, 0x22, 0xF2, 0xD2, 0xD4, 0x08, 0x3D, 0x80, 0x1A, 0xD0, 0x10, 0x7B, 0x00, 0x35, 0x01, 0xE4,
        0x45, 0xA8, 0x03, 0xF0, 0x09, 0xC1, 0x54, 0x0A, 0xB8, 0x02, 0x6B, 0x28, 0x06, 0x80, 0x7E, 0x40,
        0xD0, 0x1D, 0x06, 0x01, 0x92, 0x44, 0x45, 0xEE, 0xA5, 0x88, 0x00, 0xF8, 0x32, 0x80, 0x07, 0xC1,
        0x91, 0x17, 0xB6, 0x96, 0x20, 0x03, 0xE0, 0xCA, 0x00, 0x1F, 0x06, 0x44, 0x5D, 0xE0, 0x0D, 0x80,
        0x27, 0xB3, 0x50, 0x02, 0x6A, 0x44, 0x59, 0x0D, 0x00, 0x99, 0x20, 0x2A, 0xB5, 0x86, 0x86, 0x06,
        0x81, 0x9B, 0x1D, 0x00, 0xC4, 0x45, 0xEF, 0xA5, 0x88, 0x00, 0xF8, 0x32, 0xD4, 0x03, 0xB0, 0xC0,
        0x30, 0x1A, 0x98, 0x8B, 0x7B, 0x28, 0x03, 0x60, 0x09, 0x80, 0x44, 0x8B, 0x54, 0x03, 0x00, 0x76,
        0x1A, 0x19, 0x11, 0x78, 0x6D, 0x00, 0x0D, 0xC0, 0x06, 0x60, 0x03, 0x29, 0x81, 0x07, 0xB0, 0x03,
        0x50, 0x1E, 0x56, 0x06, 0x86, 0xC4, 0x59, 0xA5, 0x29, 0x11, 0x72, 0x94, 0xA4, 0x45, 0xCA, 0x52,
        0x91, 0x17, 0x29, 0x4A, 0x44, 0x5C, 0xA5, 0x29, 0x11, 0x72, 0x94, 0xA4, 0x45, 0xCA, 0x52, 0x91,
        0x17, 0x29, 0x4A, 0x44, 0x5C, 0xA5, 0x29, 0x11, 0x72, 0x94, 0xA4, 0x45, 0xCA, 0x52, 0x91, 0x17,
        0x29, 0x4A, 0x44, 0x5C, 0xB4, 0x59, 0xE9, 0x11, 0x7A, 0x29, 0x67, 0xAE, 0x01, 0xD8, 0x0E, 0xC1,
        0x13, 0xF0, 0x30, 0x0C, 0xC4, 0x5B, 0x56, 0x80, 0x6A, 0x07, 0xAA, 0xAB, 0x40, 0x35, 0x03, 0xD1,
        0x10, 0x00, 0x00, 0x01, 0x0A, 0x0B, 0xFF, 0x1F, 0xF5, 0x40, 0x1A, 0x01, 0xFA, 0xDA, 0xA0, 0x0D,
        0x00, 0xFD, 0xD1, 0x73, 0xDD, 0x74, 0xAC, 0x00, 0xD0, 0x0F, 0xD9, 0xC0, 0x34, 0x03, 0xF1, 0x17,
        0x5D, 0x29, 0x48, 0x8B, 0x94, 0xA5, 0x22, 0x2E, 0x52, 0x94, 0x88, 0xB9, 0x4A, 0x52, 0x22, 0xE5,
        0x29, 0x48, 0x8B, 0x94, 0xA5, 0x22, 0x2E, 0x52, 0x94, 0x88, 0xB9, 0x66, 0x00, 0x7C, 0x09, 0x80,
        0x96, 0x99, 0x00, 0x74, 0x03, 0xB0, 0x31, 0x11, 0x78, 0xED, 0x00, 0x0D, 0xC0, 0x06, 0x68, 0x00,
        0x1A, 0x50, 0x10, 0x7B, 0x00, 0x56, 0x01, 0x12, 0x2B, 0x40, 0x76, 0x03, 0xB0, 0x03, 0xF0, 0x14,
        0x86, 0xC4, 0x5B, 0x52, 0x95, 0x60, 0x1A, 0x01, 0xF0, 0x11, 0x44, 0x5B, 0x00, 0x1F, 0x06, 0xCD,
        0x61, 0x03, 0x01, 0x80, 0x49, 0x13, 0x06, 0x86, 0x06, 0x01, 0x88, 0x8B, 0xD9, 0x48, 0x02, 0x27,
        0xE2, 0x40, 0x57, 0x18, 0x8B, 0x94, 0xB2, 0x86, 0x00, 0x68, 0x08, 0x9F, 0x80, 0x03, 0x2A, 0x02,
        0x08, 0xA0, 0x60, 0x0F, 0x00, 0x22, 0x88, 0xBD, 0x54, 0xB2, 0x82, 0x08, 0xA0, 0x60, 0x0F, 0x00,
        0x22, 0x80, 0x00, 0x90, 0x14, 0x40, 0xA2, 0x2F, 0x5D, 0x24, 0x01, 0xD8, 0x0A, 0x00, 0x9C, 0xF1,
        0x17, 0x90, 0x03, 0x40, 0x3F, 0x54, 0x1A, 0x01, 0x3A, 0x40, 0x57, 0x5A, 0x01, 0xA0, 0x1F, 0xAA,
        0x0D, 0x00, 0x9D, 0x20, 0x2B, 0x88, 0xB3, 0x4A, 0x52, 0x22, 0xE5, 0x29, 0x48, 0x8B, 0x94, 0xA5,
        0x22, 0x2E, 0x52, 0x94, 0x88, 0xB9, 0x6D, 0x01, 0xD8, 0x21, 0xFC, 0x58, 0xAD, 0xE0, 0x0B, 0xC1,
        0x6B, 0xFA, 0x22, 0xE5, 0x29, 0x48, 0x8B, 0x94, 0xA5, 0x22, 0x2E, 0x52, 0x94, 0x88, 0xB9, 0x4A,
        0x52, 0x22, 0xE5, 0x29, 0x48, 0x8B, 0x94, 0xA5, 0x22, 0x2E, 0x52, 0x94, 0x88, 0xB9, 0x4A, 0x52,
        0x22, 0xE5, 0x29, 0x48, 0x8B, 0x94, 0xA5, 0x22, 0x2E, 0x52, 0x94, 0x88, 0xB9, 0x4A, 0x52, 0x22,
        0xE5, 0x29, 0x48, 0x8B, 0x94, 0xA5, 0x22, 0x2E, 0x52, 0x94, 0x88, 0xB9, 0x58, 0x00, 0xFC, 0x0F,
        0x02, 0xA8, 0x15, 0x5D, 0x60, 0x06, 0xA0, 0x7A, 0x22, 0xEC, 0xAD, 0x00, 0xD4, 0x0F, 0x55, 0x56,
        0x80, 0x6A, 0x07, 0xA2, 0x20, 0x00, 0x00, 0x01, 0x0B, 0x0B, 0xFF, 0x1F, 0xF5, 0x60, 0x1A, 0x00,
        0xA0, 0x6D, 0x65, 0x58, 0x06, 0x80, 0x7E, 0xE8, 0xB9, 0xEE, 0xA0, 0x0D, 0x00, 0x76, 0x06, 0x46,
        0x80, 0xF4, 0x20, 0x02, 0x3A, 0xB0, 0x0D, 0x00, 0xFD, 0x6C, 0xA1, 0x81, 0xA0, 0x60, 0x36, 0x22,
        0xE8, 0xA5, 0x29, 0x11, 0x72, 0x94, 0xA4, 0x45, 0xCA, 0x52, 0x91, 0x17, 0x29, 0x4A, 0x44, 0x5C,
        0xA5, 0x29, 0x11, 0x72, 0x94, 0xA4, 0x45, 0xCA, 0x52, 0xAC, 0x03, 0x40, 0x3F, 0x11, 0x76, 0x52,
        0xA2, 0xB4, 0x07, 0x71, 0x16, 0xD4, 0xA4, 0x22, 0x2C, 0xD5, 0x80, 0x68, 0x07, 0xEA, 0x43, 0x00,
        0x34, 0x0C, 0x0D, 0x0C, 0x00, 0x17, 0x55, 0x86, 0x06, 0x01, 0x88, 0x8B, 0x13, 0x00, 0xEC, 0x02,
        0x69, 0x69, 0x11, 0x7B, 0x83, 0x40, 0x27, 0x4D, 0x03, 0x00, 0x27, 0x01, 0x1D, 0x9C, 0x00, 0xD8,
        0x07, 0x80, 0x03, 0x4A, 0x00, 0x1B, 0x00, 0xF0, 0x00, 0x69, 0x11, 0x75, 0x80, 0xE8, 0x02, 0x69,
        0x69, 0x48, 0x8B, 0x94, 0xA5, 0x22, 0x2E, 0xE0, 0x07, 0xE0, 0x03, 0x2B, 0x40, 0x65, 0x90, 0x03,
        0x50, 0xC0, 0x32, 0x19, 0x28, 0x01, 0xF0, 0x64, 0x45, 0xB8, 0x06, 0x80, 0x7E, 0xAE, 0xB4, 0x10,
        0xC2, 0x03, 0x68, 0x08, 0x3D, 0x81, 0x91, 0x17, 0x55, 0x22, 0x18, 0x1A, 0x18, 0x03, 0xB0, 0xC0,
        0x32, 0x19, 0x08, 0x8B, 0x94, 0xA5, 0x22, 0x2E, 0x52, 0x94, 0x88, 0xB9, 0x4A, 0x52, 0x22, 0xC8,
        0x68, 0x04, 0xC9, 0x01, 0x55, 0xAC, 0x07, 0x60, 0x13, 0x80, 0x8A, 0xC7, 0x68, 0x88, 0xBB, 0x40,
        0xC0, 0x6C, 0xD6, 0x10, 0xD0, 0xC0, 0xC0, 0x30, 0x90, 0x8B, 0x60, 0x0E, 0xC0, 0x27, 0x48, 0x29,
        0x81, 0x44, 0x5B, 0x52, 0x95, 0x11, 0x17, 0x7D, 0x2A, 0x29, 0x11, 0x77, 0xD2, 0x94, 0x88, 0xB9,
        0x4A, 0x52, 0x22, 0xE5, 0x29, 0x48, 0x8B, 0x94, 0xA5, 0x22, 0x2E, 0x52, 0x94, 0x88, 0xB9, 0x4A,
        0x52, 0x22, 0xE5, 0x29, 0x48, 0x8B, 0x94, 0xA5, 0x22, 0x2E, 0x52, 0x94, 0x88, 0xB9, 0x4A, 0x52,
        0x22, 0xE5, 0x29, 0x48, 0x8B, 0x94, 0xA5, 0x22, 0x2E, 0x56, 0x00, 0x6A, 0x07, 0xAA, 0xEB, 0x00,
        0x35, 0x03, 0xD1, 0x17, 0x65, 0x68, 0x06, 0xA0, 0x7A, 0xAA, 0xB0, 0x03, 0x50, 0x3D, 0x11, 0x00,
        0x00, 0x00, 0x01, 0x0C, 0x0B, 0xFF, 0x1F, 0xF5, 0x40, 0x1A, 0x01, 0xFA, 0xDA, 0xA0, 0x0D, 0x00,
        0xFD, 0xD1, 0x73, 0xDD, 0x74, 0xA5, 0x22, 0x2E, 0xA0, 0x0D, 0x00, 0x26, 0x01, 0x54, 0x95, 0x80,
        0x1A, 0x01, 0xF0, 0x11, 0x00, 0x0C, 0xC0, 0x05, 0x55, 0x51, 0x17, 0x23, 0x40, 0x68, 0xFE, 0xA0,
        0x36, 0x01, 0x44, 0x5C, 0x85, 0x22, 0x0D, 0x1F, 0xD1, 0x17, 0x29, 0x40, 0x6C, 0x02, 0x84, 0x45,
        0xC8, 0xC0, 0x02, 0x1A, 0xB0, 0x01, 0x20, 0x68, 0x00, 0xAA, 0x22, 0xED, 0x85, 0x58, 0x00, 0x90,
        0x05, 0x60, 0x11, 0x56, 0x44, 0x5C, 0x0C, 0x01, 0x48, 0x68, 0x18, 0xB1, 0x00, 0xE8, 0x30, 0x05,
        0x16, 0xE0, 0x6C, 0x02, 0xB1, 0x00, 0xE8, 0x02, 0x68, 0x8B, 0x5B, 0x60, 0x06, 0xA0, 0x13, 0xD8,
        0xE6, 0x0D, 0x01, 0xD0, 0x60, 0x6C, 0x45, 0xED, 0xA9, 0x00, 0x7C, 0x03, 0xA0, 0x33, 0x20, 0x20,
        0x8A, 0x02, 0x97, 0xF4, 0x81, 0x80, 0x3A, 0x00, 0x36, 0x88, 0xB4, 0xA5, 0x29, 0x11, 0x72, 0x94,
        0xA0, 0x03, 0xF0, 0x42, 0x0C, 0x88, 0xB9, 0x4A, 0xE0, 0x41, 0xEC, 0x01, 0x50, 0x04, 0x34, 0x04,
        0x1E, 0xC0, 0x52, 0xFE, 0x88, 0xBA, 0x69, 0x4A, 0x44, 0x5C, 0xA5, 0x29, 0x11, 0x72, 0x94, 0xA4,
        0x45, 0xDA, 0x00, 0xFC, 0x00, 0x65, 0x6A, 0xB1, 0x00, 0xEC, 0x07, 0x40, 0x66, 0xB4, 0x00, 0x48,
        0x06, 0x00, 0x05, 0x71, 0x16, 0x80, 0x0D, 0x81, 0x0C, 0x20, 0x04, 0x69, 0xAB, 0x98, 0x07, 0x40,
        0x86, 0x11, 0x2C, 0x45, 0xCA, 0x52, 0x91, 0x17, 0x29, 0x4A, 0x44, 0x5C, 0xA5, 0x29, 0x11, 0x72,
        0x94, 0xA4, 0x45, 0xCB, 0x50, 0x03, 0xF0, 0x42, 0xF4, 0xB2, 0xD6, 0x06, 0x80, 0xE8, 0x30, 0x03,
        0x50, 0x1E, 0x44, 0x5E, 0xAB, 0x38, 0x03, 0x60, 0x01, 0x90, 0x00, 0xCE, 0x80, 0x82, 0x28, 0x0A,
        0x3F, 0xC9, 0xA8, 0x00, 0x7C, 0x00, 0xF8, 0x30, 0x30, 0x30, 0x00, 0x5A, 0x04, 0xE2, 0x2C, 0xD6,
        0x80, 0x37, 0x00, 0x98, 0x15, 0x80, 0xAA, 0x6B, 0x80, 0x1B, 0x80, 0x4C, 0x0A, 0xC0, 0x51, 0x17,
        0xAA, 0x94, 0x06, 0xC0, 0x28, 0x44, 0x5C, 0x8D, 0x01, 0xA3, 0xFA, 0x80, 0xD8, 0x05, 0x11, 0x72,
        0x14, 0x88, 0x34, 0x7F, 0x44, 0x5C, 0xA5, 0x01, 0xB0, 0x0A, 0x11, 0x17, 0x23, 0x40, 0x68, 0xFE,
        0xA0, 0x36, 0x01, 0x44, 0x5C, 0x85, 0x22, 0x0D, 0x1F, 0xD1, 0x17, 0x29, 0x40, 0x6C, 0x02, 0x84,
        0x45, 0xC8, 0xD0, 0x1A, 0x3F, 0xA8, 0x0D, 0x80, 0x51, 0x17, 0x21, 0x48, 0x83, 0x47, 0xF4, 0x45,
        0xCA, 0x50, 0x1B, 0x00, 0xA1, 0x11, 0x72, 0x34, 0x06, 0x8F, 0xEA, 0x03, 0x60, 0x14, 0x45, 0xC8,
        0x52, 0x20, 0xD1, 0xFD, 0x11, 0x72, 0xB0, 0x03, 0x50, 0x01, 0x8D, 0x58, 0x36, 0x01, 0x56, 0x00,
        0x3F, 0x03, 0xC0, 0x23, 0x88, 0xBB, 0x2B, 0x00, 0x35, 0x03, 0xD5, 0x76, 0x80, 0xD0, 0xD0, 0x33,
        0x11, 0x00, 0x00, 0x00, 0x01, 0x0D, 0x0B, 0xFF, 0x1F, 0xF5, 0x40, 0x1A, 0x01, 0xFA, 0xDA, 0xB0,
        0x0D, 0x00, 0xFD, 0xD1, 0x73, 0xDD, 0x54, 0xA5, 0x22, 0x2E, 0x80, 0xC0, 0xC0, 0xC0, 0xC8, 0x52,
        0x91, 0x17, 0x29, 0x4A, 0x44, 0x5C, 0xA5, 0x29, 0x11, 0x72, 0x95, 0x60, 0x06, 0xC0, 0x3D, 0xA0,
        0x01, 0xB0, 0x0F, 0x40, 0x20, 0x88, 0xB0, 0x00, 0xD8, 0x02, 0x70, 0x56, 0xFE, 0xB2, 0xC4, 0x30,
        0x30, 0x0C, 0x42, 0x22, 0xC8, 0x68, 0x04, 0xC9, 0x01, 0x55, 0xB0, 0x07, 0x60, 0x13, 0xD8, 0xC3,
        0x40, 0x26, 0x48, 0x0A, 0xAD, 0x80, 0x3B, 0x00, 0x9E, 0x22, 0xDA, 0xCA, 0x00, 0xD8, 0x07, 0x60,
        0x64, 0x30, 0x0C, 0x01, 0x2B, 0x55, 0x90, 0x01, 0xF0, 0x00, 0xC2, 0x22, 0xEB, 0xA5, 0x29, 0x11,
        0x72, 0x94, 0xA4, 0x45, 0xCA, 0x52, 0x91, 0x17, 0x26, 0x00, 0x7E, 0x01, 0x30, 0x0E, 0xC0, 0x44,
        0x09, 0x9F, 0x92, 0xCC, 0x00, 0xDC, 0x0F, 0x80, 0xAE, 0x22, 0xF6, 0xC0, 0x30, 0x00, 0x67, 0x56,
        0x00, 0x24, 0x00, 0x6E, 0x04, 0xD0, 0x0B, 0x1F, 0xD1, 0x0C, 0x00, 0x6C, 0x00, 0xFC, 0x07, 0x80,
        0xB1, 0xFD, 0x11, 0x79, 0x80, 0x74, 0x01, 0x34, 0xB1, 0x0C, 0x01, 0x40, 0x64, 0x22, 0x2E, 0x52,
        0x94, 0x88, 0xB9, 0x4A, 0x52, 0x22, 0xE5, 0x29, 0x48, 0x8B, 0x94, 0xA5, 0x22, 0x2E, 0x52, 0x94,
        0x88, 0xB9, 0x4A, 0x52, 0x22, 0xE5, 0x29, 0x48, 0x8B, 0x94, 0xA5, 0x22, 0x2E, 0x52, 0x94, 0x88,
        0xB9, 0x4A, 0x52, 0x22, 0xE5, 0x68, 0x02, 0xF0, 0x09, 0x81, 0x58, 0x0A, 0xAA, 0xB0, 0x01, 0xF8,
        0x0A, 0x62, 0x2F, 0x5D, 0x2A, 0x03, 0x00, 0x1B, 0x00, 0xA2, 0x50, 0x41, 0x14, 0x01, 0x50, 0x04,
        0x31, 0x17, 0xA6, 0x96, 0x60, 0x41, 0x14, 0x05, 0x1F, 0xE4, 0xC4, 0x10, 0x45, 0x00, 0xC0, 0x00,
        0xAE, 0x22, 0xF4, 0x52, 0x00, 0xAC, 0x05, 0x18, 0x8B, 0x94, 0xA5, 0x22, 0x2E, 0x52, 0x94, 0x88,
        0xB9, 0x4A, 0x52, 0x22, 0xE5, 0x29, 0x48, 0x8B, 0x94, 0xA5, 0x22, 0x2E, 0x52, 0x94, 0x88, 0xB9,
        0x4A, 0x52, 0x22, 0xE5, 0x29, 0x48, 0x8B, 0x94, 0xA5, 0x22, 0x2E, 0x52, 0x94, 0x88, 0xBD, 0x16,
        0x9B, 0x35, 0xA6, 0x22, 0x00, 0x00, 0x01, 0x0E, 0x0B, 0xFF, 0x1F, 0xF5, 0x60, 0x1A, 0x01, 0xFA,
        0xCA, 0xB0, 0x0D, 0x00, 0xFD, 0xD1, 0x73, 0xDD, 0x54, 0xA5, 0x22, 0x2E, 0xA0, 0x1D, 0x00, 0x4D,
        0x25, 0x60, 0x03, 0xE0, 0x3F, 0x57, 0x11, 0x72, 0x90, 0x8C, 0x45, 0xCA, 0x52, 0x11, 0x16, 0x00,
        0x74, 0x01, 0x38, 0x04, 0x76, 0x30, 0xC0, 0x09, 0x90, 0x02, 0xAB, 0x60, 0x0E, 0x80, 0x27, 0xB1,
        0x06, 0x00, 0x4C, 0x88, 0x8B, 0x94, 0xA5, 0x22, 0x2C, 0x86, 0x80, 0x4C, 0x90, 0x15, 0x5B, 0x00,
        0x76, 0x01, 0x3D, 0x8A, 0xD4, 0x01, 0xA8, 0x0E, 0x83, 0x40, 0x0D, 0xC1, 0x18, 0x11, 0x20, 0x4A,
        0x22, 0xDC, 0x07, 0x40, 0x13, 0x80, 0x47, 0x62, 0x0C, 0x04, 0x30, 0x80, 0x08, 0x80, 0x06, 0x89,
        0xB7, 0xD9, 0xC3, 0x00, 0x1F, 0x81, 0x80, 0x14, 0x00, 0x0C, 0x93, 0x11, 0x74, 0x52, 0x80, 0x83,
        0xD0, 0x0C, 0x1F, 0xD4, 0x88, 0xB9, 0x4A, 0x52, 0x22, 0xE5, 0x29, 0x48, 0x8B, 0x94, 0xA5, 0x22,
        0x2E, 0x52, 0x94, 0x88, 0xB9, 0x4A, 0x52, 0x22, 0xE5, 0x29, 0x48, 0x8B, 0x94, 0xA5, 0x22, 0x2E,
        0x52, 0x94, 0x88, 0xB9, 0x4A, 0x52, 0x22, 0xE5, 0x29, 0x48, 0x8B, 0x94, 0xA5, 0x22, 0x2E, 0x52,
        0x94, 0x88, 0xB9, 0x4A, 0x52, 0x22, 0xE5, 0x29, 0x48, 0x8B, 0x94, 0xA5, 0x22, 0x2E, 0x52, 0x94,
        0x88, 0xB9, 0x4A, 0x52, 0x22, 0xE4, 0xC0, 0x3B, 0x00, 0x9A, 0x59, 0x80, 0x76, 0x01, 0x34, 0x45,
        0xEC, 0x0D, 0x00, 0x19, 0xA6, 0x30, 0x04, 0x4F, 0xC0, 0x11, 0xD2, 0x22, 0xCD, 0x29, 0x48, 0x8B,
        0x94, 0xAA, 0x0C, 0x00, 0x7C, 0x03, 0xB8, 0x82, 0x08, 0xA0, 0x0E, 0xE2, 0x2E, 0xCA, 0x52, 0x11,
        0x16, 0x69, 0x4A, 0x44, 0x5C, 0xA4, 0x23, 0x11, 0x72, 0x94, 0x84, 0x45, 0x9A, 0x52, 0x91, 0x17,
        0x29, 0x08, 0xC4, 0x5C, 0xA5, 0x21, 0x11, 0x66, 0x94, 0xA4, 0x45, 0xE8, 0xB4, 0xD9, 0xAD, 0x11,
        0x10, 0x00, 0x00, 0x01, 0x0F, 0x0B, 0xFF, 0x20, 0x80, 0x0D, 0x80, 0x26, 0x05, 0x6F, 0xEA, 0xAB,
        0x40, 0x03, 0x60, 0x3C, 0x02, 0x30, 0x01, 0x9D, 0x9E, 0xE8, 0xB9, 0xEF, 0x3C, 0x29, 0x48, 0x8B,
        0xAC, 0x01, 0xF0, 0x1F, 0xAB, 0xAC, 0x00, 0xD0, 0x0F, 0x80, 0x8A, 0xAA, 0x22, 0xCD, 0x29, 0x48,
        0x8B, 0x94, 0x84, 0x62, 0x2E, 0x80, 0x03, 0x00, 0x46, 0xF8, 0x00, 0x88, 0x15, 0x80, 0x80, 0xF5,
        0x9E, 0xD4, 0x00, 0xD8, 0x10, 0xFD, 0x00, 0x45, 0x64, 0x0D, 0x00, 0x9D, 0x20, 0x2B, 0x88, 0xB3,
        0x4A, 0x52, 0x22, 0xE4, 0x40, 0xC0, 0x60, 0x6C, 0x29, 0x11, 0x6C, 0x00, 0x7C, 0x19, 0x5E, 0x00,
        0xFC, 0x00, 0x66, 0x00, 0x32, 0xB3, 0x5A, 0x00, 0x1B, 0x80, 0x0C, 0xD1, 0x11, 0x77, 0xD8, 0xC0,
        0x1F, 0x06, 0x81, 0x90, 0x1D, 0x5B, 0x2C, 0xC0, 0x0B, 0x80, 0xFC, 0x45, 0xD3, 0x4A, 0x52, 0x22,
        0xE5, 0x29, 0x48, 0x8B, 0x94, 0xA5, 0x22, 0x2E, 0x52, 0x94, 0x88, 0xB9, 0x4A, 0x52, 0x22, 0xE5,
        0x29, 0x48, 0x8B, 0x94, 0xA5, 0x22, 0x2E, 0x52, 0x94, 0x88, 0xB9, 0x4A, 0x52, 0x22, 0xE5, 0x29,
        0x48, 0x8B, 0x94, 0xA5, 0x22, 0x2E, 0x52, 0x94, 0x88, 0xB9, 0x4A, 0x52, 0x22, 0xE5, 0x29, 0x48,
        0x8B, 0x94, 0xA5, 0x22, 0x2E, 0x52, 0x94, 0x88, 0xB9, 0x4A, 0x52, 0x22, 0xE4, 0xC0, 0x3B, 0x00,
        0x9A, 0x58, 0x86, 0xC4, 0x5E, 0xD0, 0xD0, 0x09, 0xD2, 0x02, 0xB8, 0xD4, 0x06, 0x80, 0x36, 0x00,
        0x7E, 0x03, 0xD0, 0x31, 0x5C, 0x06, 0x00, 0x76, 0x06, 0x40, 0x26, 0x05, 0x90, 0x48, 0x8B, 0x34,
        0xA4, 0x22, 0x2F, 0x18, 0x0E, 0x80, 0x26, 0x96, 0x60, 0x1D, 0x00, 0x4D, 0x2C, 0x45, 0xEB, 0x00,
        0xD4, 0x0F, 0x56, 0x55, 0x80, 0x6B, 0x59, 0x11, 0x72, 0x94, 0x84, 0x45, 0x9A, 0x52, 0x91, 0x17,
        0x29, 0x08, 0xC4, 0x5C, 0xA5, 0x21, 0x11, 0x66, 0x94, 0xA4, 0x45, 0xCA, 0x42, 0x31, 0x17, 0x27,
        0x00, 0xD4, 0x02, 0x69, 0x27, 0x00, 0x7E, 0x07, 0x81, 0x54, 0x0A, 0x22, 0xED, 0xAD, 0x01, 0xD8,
        0x22, 0xFE, 0x0D, 0xAA, 0xAC, 0x00, 0xD4, 0x0F, 0x44, 0x40, 0x00, 0x00, 0x01, 0x10, 0x0B, 0xFF,
        0x21, 0xA0, 0x3A, 0x00, 0x9E, 0xC4, 0x18, 0x01, 0x32, 0x00, 0x55, 0x6D, 0x01, 0xD0, 0x04, 0xF6,
        0x20, 0xC0, 0x09, 0x90, 0x02, 0xAB, 0xA2, 0xE7, 0xBA, 0x00, 0x34, 0x00, 0x98, 0x05, 0x55, 0x61,
        0x81, 0x80, 0x66, 0xB4, 0x01, 0xF0, 0x1F, 0x05, 0x5F, 0xEA, 0x80, 0x1D, 0x06, 0x81, 0x88, 0x8B,
        0xA8, 0x15, 0x7F, 0xA9, 0x4A, 0x00, 0x4D, 0x11, 0x72, 0x80, 0xAB, 0xFD, 0x4A, 0x44, 0x5C, 0xA5,
        0x00, 0x26, 0xA4, 0x45, 0xD4, 0x00, 0xD8, 0x10, 0xFD, 0x00, 0x45, 0x65, 0xB5, 0x00, 0x36, 0x04,
        0x3F, 0x8B, 0x2C, 0x45, 0xCA, 0x52, 0x91, 0x17, 0x29, 0x4A, 0x44, 0x5C, 0xA5, 0x29, 0x11, 0x72,
        0x94, 0xA4, 0x45, 0xCA, 0x52, 0x91, 0x17, 0x29, 0x4A, 0x44, 0x5C, 0xA5, 0x29, 0x11, 0x72, 0x94,
        0xA4, 0x45, 0xCA, 0x52, 0x91, 0x17, 0x29, 0x4A, 0x44, 0x5C, 0xA5, 0x29, 0x11, 0x72, 0x94, 0xA4,
        0x45, 0xCA, 0x52, 0x91, 0x17, 0x29, 0x4A, 0x44, 0x5C, 0xA5, 0x29, 0x11, 0x72, 0x94, 0xA4, 0x45,
        0xCA, 0x52, 0x91, 0x17, 0x29, 0x4A, 0x44, 0x5C, 0xA5, 0x29, 0x11, 0x72, 0x94, 0xA4, 0x45, 0xCA,
        0x52, 0x91, 0x17, 0x29, 0x4A, 0x44, 0x5C, 0xA5, 0x29, 0x11, 0x7A, 0xC0, 0x35, 0x03, 0xD5, 0x95,
        0x60, 0x1A, 0xD6, 0x00, 0x4D, 0x11, 0x78, 0x80, 0x74, 0x01, 0x34, 0xB1, 0x01, 0xD0, 0x04, 0xD0,
        0x88, 0xB7, 0x00, 0x5F, 0x6C, 0xB1, 0x80, 0x2F, 0x0D, 0x24, 0x82, 0xA0, 0x15, 0xB2, 0x22, 0xE0,
        0x2A, 0xFF, 0x52, 0x94, 0x00, 0x9A, 0x22, 0xE5, 0x01, 0x57, 0xFA, 0x94, 0x88, 0xB9, 0x4A, 0x00,
        0x4D, 0x48, 0x8B, 0x80, 0xAB, 0xFD, 0x4A, 0x50, 0x02, 0x68, 0x8B, 0x94, 0x05, 0x5F, 0xEA, 0x52,
        0x22, 0xE5, 0x28, 0x01, 0x35, 0x22, 0x2E, 0x02, 0xAF, 0xF5, 0x60, 0x06, 0xA0, 0x78, 0x15, 0x40,
        0xAA, 0xEB, 0x00, 0x35, 0x03, 0xC0, 0x23, 0x88, 0xBB, 0x2B, 0x00, 0x1F, 0x81, 0xEA, 0xBA, 0xD0,
        0x0D, 0x40, 0xF4, 0x44, 0x00, 0x00, 0x01, 0x11, 0x0B, 0xFF, 0x21, 0x20, 0x0B, 0x80, 0x27, 0x05,
        0x6F, 0xEB, 0x2D, 0xA0, 0x01, 0xF0, 0x1E, 0x01, 0x1D, 0x9E, 0xE8, 0xB9, 0xEE, 0x42, 0x34, 0x88,
        0xB9, 0x62, 0x00, 0x7C, 0x02, 0x90, 0x1D, 0x22, 0xDB, 0x65, 0x00, 0x4C, 0x01, 0x32, 0x40, 0x57,
        0x11, 0x79, 0xC1, 0xBC, 0x0A, 0x91, 0xA4, 0x45, 0xC8, 0x03, 0x78, 0x14, 0x69, 0x11, 0x75, 0x00,
        0x36, 0x04, 0x3F, 0x8B, 0x2D, 0xA8, 0x01, 0xB0, 0x21, 0xFA, 0x00, 0x8A, 0xCB, 0x11, 0x72, 0x94,
        0xA4, 0x45, 0xCA, 0x52, 0x91, 0x17, 0x29, 0x4A, 0x44, 0x5C, 0xA5, 0x29, 0x11, 0x72, 0x94, 0xA4,
        0x45, 0xCA, 0x52, 0x91, 0x17, 0x29, 0x4A, 0x44, 0x5C, 0xA5, 0x29, 0x11, 0x72, 0x94, 0xA4, 0x45,
        0xCA, 0x52, 0x91, 0x17, 0x29, 0x4A, 0x44, 0x5C, 0xA5, 0x29, 0x11, 0x72, 0x94, 0xA4, 0x45, 0xCA,
        0x52, 0x91, 0x17, 0x29, 0x4A, 0x44, 0x5C, 0xA5, 0x29, 0x11, 0x72, 0x94, 0xA4, 0x45, 0xCA, 0x52,
        0x91, 0x17, 0x29, 0x4A, 0x44, 0x5C, 0xA5, 0x29, 0x11, 0x72, 0x94, 0xA4, 0x45, 0xCA, 0x52, 0x91,
        0x17, 0x29, 0x4A, 0x44, 0x5C, 0xA5, 0x29, 0x11, 0x7A, 0x40, 0x1F, 0x80, 0x3F, 0x05, 0x1F, 0xE9,
        0xC0, 0x04, 0xA1, 0x80, 0x02, 0xBA, 0x00, 0x3F, 0x00, 0x98, 0x04, 0x49, 0x9E, 0x22, 0xC5, 0x01,
        0xBC, 0x0A, 0x34, 0x88, 0xB1, 0x1A, 0x52, 0x22, 0xC0, 0x37, 0x81, 0x52, 0x34, 0x88, 0xB9, 0x00,
        0x6F, 0x02, 0x8D, 0x22, 0x2C, 0x46, 0x94, 0x88, 0xB0, 0x0D, 0xE0, 0x54, 0x8D, 0x22, 0x2E, 0x5A,
        0x2C, 0xF6, 0x88, 0x8B, 0x30, 0xA5, 0x22, 0x2E, 0x56, 0x80, 0x6A, 0x07, 0xAA, 0xAB, 0x00, 0x35,
        0x03, 0xD1, 0x10, 0x00, 0x00, 0x01, 0x12, 0x0B, 0xFF, 0x22, 0x40, 0x06, 0xE0, 0xA3, 0xFD, 0x64,
        0x00, 0xD0, 0x03, 0x52, 0x48, 0x45, 0xB0, 0x00, 0xD8, 0x07, 0xB6, 0x30, 0x0D, 0x00, 0x34, 0x01,
        0xE8, 0x12, 0x03, 0xD7, 0x45, 0xCF, 0x79, 0xEA, 0x80, 0x34, 0x03, 0xF5, 0xB5, 0x60, 0x1A, 0x01,
        0xF8, 0x8B, 0xAE, 0xA8, 0x01, 0xF0, 0x1F, 0x01, 0x15, 0x65, 0x58, 0x06, 0x91, 0x17, 0x5D, 0x29,
        0x48, 0x8B, 0x94, 0xA5, 0x22, 0x2C, 0x06, 0x00, 0xA0, 0x05, 0x35, 0x40, 0x83, 0xD8, 0x1A, 0x0B,
        0xE0, 0x55, 0xD4, 0x88, 0xB4, 0x00, 0x3F, 0x01, 0x55, 0x00, 0x0F, 0xC3, 0x67, 0xA4, 0x45, 0xD2,
        0x01, 0xA0, 0x03, 0xF0, 0xDB, 0x35, 0xB4, 0x07, 0x40, 0x13, 0xD8, 0xC3, 0x00, 0x26, 0x40, 0x0A,
        0xA2, 0x2C, 0x52, 0x94, 0x88, 0xB9, 0x4A, 0x52, 0x22, 0xE5, 0x29, 0x48, 0x8B, 0x94, 0xA5, 0x22,
        0x2E, 0x52, 0x94, 0x88, 0xB9, 0x4A, 0x52, 0x22, 0xE5, 0x29, 0x48, 0x8B, 0x94, 0xA5, 0x22, 0x2E,
        0x52, 0x94, 0x88, 0xB9, 0x4A, 0x52, 0x22, 0xE5, 0x29, 0x48, 0x8B, 0x94, 0xA5, 0x22, 0x2E, 0x52,
        0x94, 0x88, 0xB9, 0x4A, 0x52, 0x22, 0xE5, 0x29, 0x48, 0x8B, 0x94, 0xA5, 0x22, 0x2E, 0x52, 0x94,
        0x88, 0xB9, 0x38, 0x03, 0xF0, 0x09, 0x80, 0xC8, 0x12, 0x00, 0x19, 0xC9, 0x58, 0x00, 0xDC, 0x10,
        0xC3, 0x12, 0x02, 0x20, 0x01, 0xAA, 0x22, 0x2E, 0xC0, 0x41, 0xE8, 0x0D, 0x02, 0x52, 0x00, 0xE8,
        0x03, 0x50, 0xD0, 0x1D, 0x81, 0x2B, 0x55, 0x58, 0x03, 0x60, 0x3C, 0x09, 0x00, 0x91, 0x17, 0x92,
        0x94, 0xA4, 0x45, 0xCA, 0x52, 0x91, 0x17, 0x29, 0x4A, 0x44, 0x5C, 0x03, 0x13, 0x00, 0x1F, 0x06,
        0x4B, 0x48, 0x8B, 0x60, 0x03, 0xE0, 0xCA, 0x00, 0x1F, 0x06, 0x4B, 0x48, 0x8B, 0x60, 0x03, 0xE0,
        0xCA, 0x00, 0x1F, 0x06, 0x4B, 0x48, 0x8B, 0xD2, 0x00, 0xFC, 0x30, 0x11, 0x01, 0x00, 0x7B, 0x5D,
        0x50, 0x00, 0xDC, 0x16, 0x40, 0xAB, 0xE2, 0x2E, 0x52, 0x94, 0x88, 0xB9, 0x4A, 0x52, 0x22, 0xE5,
        0x29, 0x48, 0x8B, 0x94, 0xA5, 0x22, 0x2F, 0x4C, 0xE0, 0x1A, 0x01, 0xFA, 0xBA, 0xD0, 0x0D, 0x00,
        0xFC, 0x45, 0xDA, 0x1A, 0x01, 0x32, 0x40, 0x55, 0x08, 0x86, 0x80, 0x4C, 0x90, 0x15, 0x42, 0x22,
        0x00, 0x00, 0x01, 0x13, 0x0B, 0xFF, 0x22, 0xF6, 0x00, 0x03, 0x00, 0x01, 0x92, 0x2D, 0xF6, 0x10,
        0x03, 0x00, 0x4C, 0x04, 0x45, 0xD1, 0x73, 0xDE, 0x5A, 0x56, 0x80, 0xEC, 0x02, 0x7A, 0xB0, 0xC0,
        0x09, 0x90, 0x02, 0xA8, 0x8B, 0x16, 0x70, 0x07, 0xC0, 0x0F, 0xED, 0x15, 0x40, 0x1A, 0x01, 0xF8,
        0x8B, 0xCE, 0x00, 0x6E, 0x03, 0xC0, 0x08, 0x60, 0x00, 0x6E, 0x18, 0x08, 0xA0, 0x80, 0x10, 0xD6,
        0xD2, 0x22, 0xE8, 0x0C, 0x01, 0xD8, 0x19, 0x00, 0x18, 0x02, 0xE8, 0x14, 0x2B, 0x40, 0x74, 0x19,
        0x53, 0x11, 0x70, 0x05, 0x11, 0xA5, 0x22, 0x2E, 0x40, 0x05, 0x14, 0x8C, 0x45, 0xA8, 0x0E, 0x80,
        0x27, 0xB1, 0x86, 0x00, 0x4C, 0x80, 0x15, 0x5B, 0x00, 0x74, 0x01, 0x3A, 0x2C, 0x61, 0x80, 0x13,
        0x20, 0x05, 0x51, 0x16, 0x29, 0x4A, 0x44, 0x5C, 0xAD, 0x00, 0xD4, 0x03, 0x50, 0x31, 0x55, 0x5C,
        0x00, 0x9C, 0x0F, 0x00, 0xAD, 0x31, 0x17, 0x60, 0x20, 0xF2, 0x00, 0xA8, 0x02, 0x34, 0x59, 0xC0,
        0x74, 0x03, 0xB0, 0x03, 0xF0, 0xCB, 0x70, 0x68, 0x04, 0xC9, 0xB3, 0x00, 0x2E, 0x05, 0xA0, 0x28,
        0x8B, 0xA2, 0x94, 0xA4, 0x45, 0xCA, 0x52, 0x91, 0x17, 0x29, 0x4A, 0x44, 0x5C, 0xA5, 0x29, 0x11,
        0x72, 0x94, 0xA4, 0x45, 0xCA, 0x52, 0x91, 0x17, 0x29, 0x4A, 0x44, 0x5C, 0xA5, 0x29, 0x11, 0x72,
        0x94, 0xA4, 0x45, 0xCA, 0x52, 0x91, 0x17, 0x29, 0x4A, 0x44, 0x5C, 0xA5, 0x29, 0x11, 0x72, 0x94,
        0xA4, 0x45, 0xCA, 0x52, 0x91, 0x17, 0x22, 0x1A, 0x18, 0x06, 0x40, 0x51, 0x0A, 0x44, 0x5B, 0x02,
        0x09, 0x20, 0x60, 0x00, 0xAE, 0x20, 0x3A, 0x00, 0x7C, 0x18, 0x03, 0xA9, 0x29, 0x11, 0x72, 0x94,
        0xA4, 0x45, 0xCA, 0x52, 0x91, 0x17, 0x29, 0x4A, 0x44, 0x5C, 0xA5, 0x29, 0x11, 0x72, 0x94, 0xA4,
        0x45, 0xDA, 0x01, 0xA8, 0x06, 0xA0, 0x62, 0xB4, 0x10, 0x79, 0x00, 0x54, 0x01, 0x1A, 0x24, 0x00,
        0x4E, 0x08, 0x80, 0x80, 0x23, 0x00, 0x19, 0x5A, 0x22, 0x2D, 0x01, 0x07, 0xB0, 0x30, 0x34, 0x02,
        0x70, 0x01, 0xAC, 0xC0, 0x28, 0xA4, 0x62, 0x2E, 0x52, 0x90, 0x88, 0xB8, 0x02, 0x88, 0xD2, 0x91,
        0x17, 0x20, 0x02, 0x8A, 0x46, 0x22, 0xE5, 0x29, 0x08, 0x8B, 0xD3, 0x18, 0x52, 0x22, 0xF4, 0xD2,
        0x94, 0x88, 0x80, 0x00, 0x00, 0x01, 0x14, 0x0B, 0xFF, 0x23, 0x40, 0x06, 0xE0, 0x3C, 0x00, 0x86,
        0xC2, 0x00, 0xF8, 0x03, 0x50, 0x33, 0x74, 0xAC, 0x80, 0x1A, 0x01, 0xFB, 0xA2, 0xE7, 0xBA, 0x03,
        0x01, 0x0F, 0xE2, 0xC6, 0x18, 0x01, 0x32, 0x00, 0x55, 0x6D, 0x01, 0xD0, 0x04, 0xF6, 0x20, 0xC0,
        0x09, 0x90, 0x02, 0xA8, 0x8B, 0x12, 0x80, 0xE8, 0x34, 0x0C, 0x06, 0xCD, 0x48, 0x8B, 0xCD, 0x4A,
        0xD0, 0x0D, 0x00, 0xFD, 0x54, 0x45, 0xD6, 0x01, 0xA0, 0x1F, 0xAB, 0xAC, 0x00, 0xD0, 0x00, 0x61,
        0x57, 0x11, 0x60, 0x19, 0xBF, 0xE3, 0x4A, 0x44, 0x5C, 0x80, 0x33, 0x7F, 0xC6, 0x91, 0x16, 0x2A,
        0x81, 0x07, 0x90, 0x30, 0x07, 0x80, 0xB1, 0xFD, 0x5D, 0x48, 0x8B, 0xCC, 0x08, 0x3D, 0x80, 0xC1,
        0xFD, 0x53, 0x6F, 0xB1, 0x00, 0xE8, 0x02, 0x68, 0x8B, 0x58, 0x81, 0x80, 0x33, 0x0A, 0x44, 0x5E,
        0x90, 0x03, 0xE0, 0xCB, 0x38, 0x18, 0x0C, 0x0C, 0x85, 0x22, 0x2E, 0x52, 0x94, 0x88, 0xB9, 0x4A,
        0x52, 0x22, 0xE5, 0x29, 0x48, 0x8B, 0x94, 0xA5, 0x22, 0x2E, 0x52, 0x94, 0x88, 0xB9, 0x4A, 0x52,
        0x22, 0xE5, 0x29, 0x48, 0x8B, 0x94, 0xA5, 0x22, 0x2E, 0x52, 0x94, 0x88, 0xB9, 0x4A, 0x52, 0x22,
        0xE5, 0x29, 0x48, 0x8B, 0x94, 0xA5, 0x22, 0x2E, 0x52, 0x94, 0x88, 0xB9, 0x4A, 0x52, 0x22, 0xE5,
        0x29, 0x48, 0x8B, 0x94, 0xA5, 0x22, 0x2E, 0x52, 0x94, 0x88, 0xB9, 0x4A, 0x52, 0x22, 0xE5, 0x29,
        0x48, 0x8B, 0x94, 0xA5, 0x22, 0x2E, 0x52, 0x94, 0x88, 0xBB, 0x00, 0x0D, 0x80, 0x7B, 0x40, 0x03,
        0x60, 0x1E, 0xD5, 0xD2, 0x22, 0xEC, 0x00, 0x36, 0x01, 0xED, 0x00, 0x0D, 0x80, 0x7B, 0x57, 0x08,
        0x8B, 0xD2, 0x1A, 0x00, 0xFA, 0xBE, 0xC2, 0x00, 0xDC, 0x03, 0x5B, 0x74, 0x45, 0x80, 0x66, 0xFF,
        0x8D, 0x29, 0x11, 0x72, 0x00, 0xCD, 0xFF, 0x1A, 0x44, 0x5C, 0x9C, 0x07, 0x60, 0x13, 0x49, 0x58,
        0x01, 0xA8, 0x1E, 0x01, 0x18, 0x00, 0xCA, 0x22, 0xEC, 0x9C, 0x03, 0x50, 0x09, 0xA4, 0xAC, 0x00,
        0xD4, 0x0F, 0x44, 0x5D, 0xB5, 0x80, 0x1A, 0x80, 0x6A, 0x06, 0x2A, 0xEB, 0x80, 0x1B, 0x80, 0x6A,
        0x00, 0x7D, 0x11, 0x00, 0x00, 0x00, 0x01, 0x15, 0x0B, 0xFF, 0x23, 0xD6, 0x40, 0x0D, 0x00, 0xFD,
        0xA8, 0x1A, 0x40, 0xAC, 0xA0, 0x1A, 0x01, 0xFB, 0xA2, 0xE7, 0xBA, 0xAA, 0x41, 0x07, 0xB0, 0x05,
        0x60, 0x10, 0x57, 0xD2, 0x22, 0xF1, 0x80, 0x09, 0x41, 0x47, 0xFA, 0xAE, 0xDC, 0x03, 0xA0, 0x09,
        0xEC, 0x41, 0x80, 0x13, 0x20, 0x05, 0x51, 0x17, 0x50, 0x06, 0x80, 0x7E, 0xAA, 0xB4, 0x03, 0x40,
        0x3F, 0x55, 0x11, 0x72, 0xCF, 0x68, 0xB3, 0x03, 0x48, 0x14, 0x45, 0xCA, 0x03, 0x87, 0xF4, 0x41,
        0x67, 0xFA, 0x91, 0x17, 0x21, 0x40, 0x69, 0x02, 0x88, 0x2C, 0xFF, 0x44, 0x58, 0x07, 0x0F, 0xE8,
        0xD2, 0x00, 0xD2, 0x05, 0x11, 0x72, 0xC6, 0x03, 0xA0, 0x09, 0xAD, 0xA0, 0xB3, 0xFD, 0x62, 0x01,
        0xD0, 0x04, 0xD1, 0x16, 0xB4, 0xA5, 0x22, 0x2E, 0x52, 0x94, 0x88, 0xB9, 0x4A, 0x52, 0x22, 0xE5,
        0x29, 0x48, 0x8B, 0x94, 0xA5, 0x22, 0x2E, 0x52, 0x94, 0x88, 0xB9, 0x4A, 0x52, 0x22, 0xE5, 0x29,
        0x48, 0x8B, 0x94, 0xA5, 0x22, 0x2D, 0x00, 0x1B, 0x00, 0x3E, 0xA9, 0x04, 0x11, 0x40, 0x15, 0x00,
        0x46, 0x9A, 0x00, 0x36, 0x00, 0x19, 0x00, 0x0C, 0xEA, 0x22, 0x2F, 0x48, 0x20, 0x8C, 0x06, 0x81,
        0x34, 0x50, 0x10, 0x46, 0x03, 0x40, 0x9A, 0x2C, 0xD4, 0x88, 0xBD, 0x20, 0x82, 0x30, 0x1A, 0x04,
        0xD1, 0x5C, 0x01, 0x35, 0x84, 0x34, 0x02, 0x64, 0x80, 0xAA, 0xDA, 0x03, 0xB0, 0x09, 0xE2, 0x2C,
        0xD5, 0x02, 0x08, 0xA0, 0x6D, 0x60, 0x0E, 0x80, 0x27, 0xB1, 0x06, 0x00, 0x4C, 0x80, 0x15, 0x44,
        0x5E, 0x90, 0x41, 0x18, 0x0D, 0x05, 0xFF, 0xEA, 0xC0, 0xD0, 0xC0, 0xD0, 0xC0, 0x09, 0xEC, 0x36,
        0x90, 0x07, 0xE0, 0x3B, 0x00, 0x3F, 0x04, 0x40, 0x48, 0x8B, 0xBE, 0x94, 0xA4, 0x45, 0xCA, 0x52,
        0x91, 0x17, 0x29, 0x4A, 0x44, 0x5C, 0xA5, 0x29, 0x11, 0x72, 0x94, 0xA4, 0x45, 0xCA, 0x52, 0x91,
        0x17, 0x29, 0x4A, 0x44, 0x5C, 0xA5, 0x29, 0x11, 0x72, 0x94, 0xA4, 0x45, 0xCA, 0x52, 0x91, 0x17,
        0x2B, 0x00, 0x04, 0xA0, 0xA3, 0xFD, 0x30, 0x02, 0xF0, 0x43, 0x08, 0x01, 0x12, 0x6D, 0x20, 0xB3,
        0xFD, 0x11, 0x79, 0x83, 0x40, 0x35, 0x0C, 0x0D, 0x0C, 0x03, 0x01, 0x00, 0x11, 0xDA, 0x03, 0x40,
        0x52, 0x1B, 0x18, 0x03, 0x48, 0x14, 0x45, 0xCA, 0x03, 0x87, 0xF4, 0x41, 0x67, 0xFA, 0x91, 0x17,
        0x2B, 0x00, 0x0D, 0xC0, 0x78, 0x01, 0x0D, 0x50, 0x34, 0x81, 0x5A, 0x62, 0x2E, 0xB0, 0x03, 0x70,
        0x1E, 0x4E, 0x1A, 0x1A, 0x06, 0x63, 0x48, 0x8B, 0xB4, 0x00, 0xDC, 0x07, 0x93, 0x00, 0xEC, 0x02,
        0x79, 0xA9, 0x11, 0x72, 0xBC, 0x01, 0xB8, 0x00, 0xC8, 0x00, 0x67, 0x51, 0x5E, 0x00, 0xDC, 0x00,
        0x64, 0x00, 0x33, 0x88, 0x80, 0x00, 0x00, 0x01, 0x16, 0x0B, 0xFF, 0x23, 0xD5, 0x00, 0x1A, 0x00,
        0x6B, 0x5F, 0x00, 0xC0, 0x09, 0xD1, 0x74, 0x5C, 0xF7, 0x86, 0x93, 0x00, 0xE8, 0x02, 0x69, 0x62,
        0x2D, 0x40, 0x74, 0x01, 0x3D, 0x88, 0x30, 0x02, 0x64, 0x00, 0xAA, 0xDA, 0x03, 0xA0, 0x09, 0xEC,
        0x61, 0x80, 0x3B, 0x0C, 0x88, 0xBA, 0xC3, 0x03, 0x40, 0xC0, 0x6C, 0xA1, 0xA0, 0x3B, 0x04, 0x50,
        0x4A, 0xCA, 0x44, 0x5D, 0x01, 0x81, 0xA0, 0x64, 0x11, 0xFF, 0x2A, 0x80, 0x74, 0x03, 0xB0, 0x45,
        0xFC, 0xB4, 0x00, 0x68, 0x07, 0xEA, 0x83, 0x62, 0x2E, 0x80, 0x32, 0x18, 0x04, 0xC0, 0x21, 0x84,
        0xC0, 0x07, 0xE0, 0x3A, 0x00, 0x15, 0x50, 0x00, 0xFC, 0x30, 0x09, 0xC4, 0x5A, 0xD2, 0x60, 0x03,
        0xF0, 0xC0, 0x27, 0x40, 0x03, 0xF0, 0x1D, 0x00, 0x0A, 0xA2, 0x2D, 0x69, 0x30, 0x01, 0xF8, 0x60,
        0x13, 0xA0, 0x01, 0xF8, 0x60, 0x13, 0x88, 0xB5, 0xB3, 0x00, 0x3E, 0x01, 0xD8, 0x0A, 0x00, 0xC0,
        0x68, 0x1E, 0xB5, 0x80, 0x1F, 0x80, 0xE8, 0x00, 0x55, 0x00, 0x03, 0x70, 0xC0, 0x27, 0x11, 0x78,
        0xC0, 0x04, 0xA0, 0xA3, 0xFD, 0x57, 0x6F, 0xB2, 0x00, 0x3E, 0x0D, 0x01, 0x40, 0x18, 0x88, 0xBA,
        0xE9, 0x4A, 0x44, 0x5C, 0xA5, 0x29, 0x11, 0x72, 0x94, 0xA4, 0x45, 0xCA, 0x52, 0x91, 0x17, 0x29,
        0x4A, 0x44, 0x5C, 0xA5, 0x29, 0x11, 0x72, 0x94, 0xA4, 0x45, 0xC8, 0x46, 0x91, 0x17, 0x50, 0x00,
        0x94, 0x0C, 0x40, 0x10, 0x7A, 0x03, 0x41, 0x7C, 0x0A, 0xBA, 0x91, 0x17, 0x48, 0x20, 0xF4, 0x00,
        0xEC, 0x17, 0xC0, 0xA8, 0x08, 0x3D, 0x01, 0xA0, 0xBE, 0x05, 0x5D, 0x48, 0x8B, 0xA4, 0x10, 0x7B,
        0x03, 0x41, 0x7C, 0x0A, 0xB6, 0x34, 0x88, 0xB1, 0x52, 0x08, 0x3D, 0x80, 0x2B, 0x00, 0x82, 0xBE,
        0x91, 0x17, 0x40, 0x20, 0xF6, 0x00, 0xAE, 0x60, 0x03, 0x70, 0xCA, 0xDA, 0x44, 0x5C, 0xA5, 0x29,
        0x11, 0x72, 0x94, 0xA4, 0x45, 0xCA, 0x52, 0x91, 0x17, 0x29, 0x4A, 0x44, 0x5C, 0xA5, 0x29, 0x11,
        0x72, 0x94, 0xA4, 0x45, 0xCA, 0x52, 0x91, 0x17, 0x29, 0x4A, 0x44, 0x5C, 0xA5, 0x29, 0x11, 0x72,
        0x94, 0xA4, 0x45, 0xDC, 0x00, 0x9C, 0x10, 0xC3, 0x00, 0x44, 0x9B, 0x4D, 0x98, 0x01, 0x38, 0x21,
        0x84, 0x00, 0x89, 0x36, 0x98, 0x8B, 0x94, 0xA5, 0x22, 0x2E, 0x52, 0x94, 0x88, 0xB9, 0x69, 0xB3,
        0x5A, 0x22, 0x2E, 0x4E, 0x03, 0xB0, 0x09, 0xA4, 0xAC, 0x00, 0xD4, 0x0F, 0x44, 0x5D, 0xB4, 0xA5,
        0x22, 0x2C, 0x86, 0x86, 0x80, 0xAA, 0xD8, 0x01, 0xA8, 0x21, 0xFC, 0x59, 0xC3, 0x40, 0x34, 0x01,
        0x42, 0x42, 0x6D, 0x40, 0x60, 0x34, 0x09, 0x26, 0x22, 0x00, 0x00, 0x01, 0x17, 0x0B, 0xFF, 0x20,
        0x81, 0x80, 0x80, 0x01, 0x38, 0x08, 0x13, 0x00, 0x88, 0x08, 0x00, 0x60, 0x00, 0xEC, 0x12, 0x41,
        0x10, 0x00, 0x31, 0x80, 0x60, 0x20, 0x00, 0x4A, 0x02, 0x04, 0x03, 0xC0, 0x19, 0x40, 0x21, 0x15,
        0x00, 0x62, 0x09, 0x20, 0x97, 0xF3, 0xEE, 0x96, 0x80, 0x06, 0xC0, 0x3D, 0x8B, 0xFD, 0xF4, 0x03,
        0xA0, 0x40, 0x00, 0x90, 0x04, 0x08, 0x07, 0xC0, 0x30, 0x80, 0x42, 0x22, 0x00, 0xC4, 0x12, 0x41,
        0x90, 0x09, 0xBF, 0x90, 0x04, 0x10, 0x08, 0xC0, 0x40, 0x84, 0x04, 0x51, 0xE0, 0x0D, 0x41, 0x24,
        0x11, 0x00, 0x9B, 0xF9, 0x7E, 0x06, 0xA5, 0x9D, 0x21, 0x81, 0xA0, 0x62, 0xFF, 0x7C, 0x82, 0x08,
        0x04, 0x60, 0x20, 0x40, 0x40, 0x02, 0x28, 0xF0, 0x06, 0x20, 0x92, 0x08, 0x80, 0x4D, 0xFC, 0xAB,
        0x0C, 0x04, 0x00, 0x08, 0x00, 0x40, 0x80, 0x80, 0x08, 0x04, 0x22, 0x00, 0x0D, 0x40, 0x22, 0x40,
        0x26, 0xFE, 0x5F, 0x82, 0xA9, 0x68, 0x00, 0x6C, 0x03, 0xDA, 0x40, 0x0D, 0xC0, 0x79, 0x7F, 0xBA,
        0x00, 0x74, 0x08, 0x00, 0x10, 0x80, 0x81, 0x28, 0x08, 0x9F, 0x80, 0x0A, 0x88, 0x60, 0x66, 0x50,
        0x41, 0x00, 0x84, 0x04, 0x0A, 0x40, 0x45, 0x14, 0x0D, 0x00, 0x8A, 0xFC, 0x33, 0x48, 0x00, 0x36,
        0x01, 0xEC, 0x00, 0x1B, 0x80, 0xF2, 0xFF, 0x73, 0x02, 0x0B, 0xA0, 0x20, 0x58, 0x02, 0x29, 0x10,
        0x03, 0xF0, 0x15, 0x80, 0x0A, 0xA8, 0x08, 0x2E, 0x00, 0x81, 0x68, 0x08, 0xA3, 0x80, 0x27, 0x00,
        0x84, 0x00, 0x61, 0x7E, 0x19, 0xA4, 0x00, 0x1B, 0x00, 0xF6, 0x00, 0x0D, 0xC0, 0x79, 0x7F, 0xB9,
        0x01, 0x05, 0x90, 0x10, 0x2B, 0x01, 0x14, 0x58, 0x07, 0x60, 0x92, 0x0C, 0x90, 0x01, 0x8D, 0x01,
        0x05, 0xA0, 0x10, 0x2B, 0x01, 0x14, 0x58, 0x07, 0x60, 0x92, 0x0C, 0x00, 0x2F, 0xBF, 0x0D, 0xD2,
        0x00, 0x0D, 0x80, 0x7B, 0x00, 0x06, 0xE0, 0x3C, 0xBF, 0xDC, 0x80, 0x82, 0xD0, 0x08, 0x15, 0x80,
        0x8A, 0x2C, 0x03, 0xB0, 0x49, 0x06, 0x48, 0x00, 0xC6, 0x80, 0x82, 0xC8, 0x08, 0x15, 0x80, 0x8A,
        0x2C, 0x03, 0xB0, 0x49, 0x06, 0x48, 0x00, 0xC6, 0xFC, 0x37, 0x48, 0x00, 0x36, 0x01, 0xEC, 0x00,
        0x1B, 0x80, 0xF2, 0xFF, 0x72, 0x02, 0x0B, 0x40, 0x20, 0x56, 0x02, 0x28, 0xB0, 0x0E, 0xC1, 0x24,
        0x18, 0x00, 0x5F, 0x40, 0x41, 0x68, 0x04, 0x0A, 0xC0, 0x45, 0x16, 0x01, 0xD8, 0x24, 0x83, 0x24,
        0x00, 0x63, 0x7E, 0x1B, 0xA4, 0x00, 0x1B, 0x00, 0xF6, 0x00, 0x0D, 0xC0, 0x79, 0x7F, 0xB9, 0x01,
        0x05, 0x90, 0x10, 0x2B, 0x01, 0x14, 0x58, 0x07, 0x60, 0x92, 0x0C, 0x90, 0x01, 0x8D, 0x01, 0x05,
        0x90, 0x10, 0x2B, 0x01, 0x14, 0x60, 0x04, 0xE0, 0x22, 0x0C, 0x00, 0x17, 0xDF, 0x86, 0xE9, 0x00,
        0x06, 0xC0, 0x3D, 0x80, 0x03, 0x70, 0x1E, 0x5F, 0xED, 0xD0, 0x1D, 0x02, 0x02, 0xC0, 0x20, 0x56,
        0x01, 0x90, 0x43, 0x22, 0x00, 0x76, 0x01, 0x12, 0x00, 0x05, 0xB6, 0x30, 0x1D, 0x02, 0x02, 0xE0,
        0x20, 0x5A, 0x02, 0x28, 0xD0, 0x09, 0xEF, 0xC5, 0xD4, 0x80, 0x03, 0x60, 0x1E, 0xC0, 0x01, 0xB8,
        0x0F, 0x2F, 0xF6, 0x78, 0x20, 0xAE, 0x02, 0x05, 0xA0, 0x22, 0x8B, 0x00, 0xEC, 0x02, 0x24, 0x02,
        0x6F, 0xE5, 0x01, 0x05, 0x70, 0x10, 0x2D, 0x01, 0x14, 0x58, 0x07, 0x60, 0x11, 0x20, 0x13, 0x7F,
        0x2F, 0xC6, 0x14, 0x80, 0x03, 0x60, 0x1E, 0xC0, 0x01, 0xB8, 0x0F, 0x2F, 0xF6, 0x78, 0x20, 0xAE,
        0x02, 0x05, 0xA0, 0x22, 0x8B, 0x00, 0xEC, 0x02, 0x24, 0x02, 0x6F, 0xE5, 0x01, 0x05, 0x70, 0x10,
        0x2D, 0x01, 0x14, 0x58, 0x07, 0x60, 0x11, 0x20, 0x13, 0x7F, 0x2F, 0xC6, 0x14, 0x80, 0x03, 0x60,
        0x1E, 0xC0, 0x01, 0xB8, 0x0F, 0x2F, 0xF6, 0x78, 0x20, 0xAE, 0x02, 0x05, 0xA0, 0x22, 0x8B, 0x00,
        0xEC, 0x02, 0x24, 0x02, 0x6F, 0xE5, 0x01, 0x05, 0x70, 0x10, 0x2D, 0x01, 0x14, 0x58, 0x07, 0x60,
        0x11, 0x20, 0x13, 0x7F, 0x2F, 0xC6, 0x14, 0x80, 0x03, 0x60, 0x1E, 0xC0, 0x01, 0xB8, 0x0F, 0x2F,
        0xF6, 0x78, 0x20, 0xAE, 0x02, 0x05, 0xA0, 0x22, 0x8B, 0x00, 0xEC, 0x02, 0x24, 0x02, 0x6F, 0xE5,
        0x01, 0x05, 0x70, 0x10, 0x2D, 0x01, 0x14, 0x58, 0x07, 0x60, 0x11, 0x20, 0x13, 0x7F, 0x2F, 0xC6,
        0x14, 0x80, 0x03, 0x60, 0x1E, 0xC0, 0x01, 0xB8, 0x0F, 0x2F, 0xF6, 0x78, 0x20, 0xAE, 0x02, 0x05,
        0xA0, 0x22, 0x8B, 0x00, 0xEC, 0x02, 0x24, 0x02, 0x6F, 0xE5, 0x01, 0x05, 0x70, 0x10, 0x2D, 0x01,
        0x14, 0x58, 0x07, 0x60, 0x11, 0x20, 0x13, 0x7F, 0x2F, 0xC6, 0x14, 0x80, 0x03, 0x60, 0x1E, 0xC0,
        0x01, 0xB8, 0x0F, 0x2F, 0xF6, 0x78, 0x20, 0xAE, 0x02, 0x05, 0xA0, 0x22, 0x8B, 0x00, 0xEC, 0x02,
        0x24, 0x02, 0x6F, 0xE5, 0x01, 0x05, 0x70, 0x10, 0x2D, 0x01, 0x14, 0x58, 0x07, 0x60, 0x11, 0x20,
        0x13, 0x7F, 0x2F, 0xC6, 0x14, 0x80, 0x03, 0x60, 0x1E, 0xC0, 0x01, 0xB8, 0x0F, 0x2F, 0xF6, 0x78,
        0x20, 0xAE, 0x02, 0x05, 0xA0, 0x22, 0x8B, 0x00, 0xEC, 0x02, 0x24, 0x02, 0x6F, 0xE5, 0x01, 0x05,
        0x70, 0x10, 0x2D, 0x01, 0x14, 0x58, 0x07, 0x60, 0x11, 0x20, 0x13, 0x7F, 0x2F, 0xC6, 0x14, 0x80,
        0x03, 0x60, 0x1E, 0xC0, 0x01, 0xB8, 0x0F, 0x2F, 0xF6, 0x78, 0x20, 0xAE, 0x02, 0x05, 0xA0, 0x22,
        0x8B, 0x00, 0xEC, 0x02, 0x24, 0x02, 0x6F, 0xE5, 0x01, 0x05, 0x70, 0x10, 0x2D, 0x01, 0x14, 0x58,
        0x07, 0x60, 0x11, 0x20, 0x13, 0x7F, 0x2F, 0xC6, 0x14, 0x80, 0x03, 0x60, 0x1E, 0xC0, 0x01, 0xB8,
        0x0F, 0x2F, 0xF6, 0x78, 0x20, 0xAE, 0x02, 0x05, 0xA0, 0x22, 0x8B, 0x00, 0xEC, 0x02, 0x24, 0x02,
        0x6F, 0xE5, 0x01, 0x05, 0x70, 0x10, 0x2D, 0x01, 0x14, 0x58, 0x07, 0x60, 0x11, 0x20, 0x13, 0x7F,
        0x2F, 0xC6, 0x14, 0x80, 0x03, 0x60, 0x1E, 0xC0, 0x01, 0xB8, 0x0F, 0x2F, 0xF6, 0x78, 0x20, 0xAE,
        0x02, 0x05, 0xA0, 0x22, 0x8B, 0x00, 0xEC, 0x02, 0x24, 0x02, 0x6F, 0xE5, 0x01, 0x05, 0x70, 0x10,
        0x2D, 0x01, 0x14, 0x58, 0x07, 0x60, 0x11, 0x20, 0x13, 0x7F, 0x2F, 0xC6, 0x14, 0x80, 0x03, 0x60,
        0x1E, 0xC0, 0x01, 0xB8, 0x0F, 0x2F, 0xF6, 0x78, 0x20, 0xAE, 0x02, 0x05, 0xA0, 0x22, 0x8B, 0x00,
        0xEC, 0x02, 0x24, 0x02, 0x6F, 0xE5, 0x01, 0x05, 0x70, 0x10, 0x2D, 0x01, 0x14, 0x58, 0x07, 0x60,
        0x11, 0x20, 0x13, 0x7F, 0x2F, 0xC6, 0x14, 0x80, 0x03, 0x60, 0x1E, 0xC0, 0x01, 0xB8, 0x0F, 0x2F,
        0xF6, 0x78, 0x20, 0xAE, 0x02, 0x05, 0xA0, 0x22, 0x8B, 0x00, 0xEC, 0x02, 0x24, 0x02, 0x6F, 0xE5,
        0x01, 0x05, 0x70, 0x10, 0x2D, 0x01, 0x14, 0x58, 0x07, 0x60, 0x11, 0x20, 0x13, 0x7F, 0x2F, 0xC6,
        0x14, 0x80, 0x03, 0x60, 0x1E, 0xC0, 0x01, 0xB8, 0x0F, 0x2F, 0xF6, 0x78, 0x20, 0xAE, 0x02, 0x05,
        0xA0, 0x22, 0x8B, 0x00, 0xEC, 0x02, 0x24, 0x02, 0x6F, 0xE5, 0x01, 0x05, 0x70, 0x10, 0x2D, 0x01,
        0x14, 0x58, 0x07, 0x60, 0x11, 0x20, 0x13, 0x7F, 0x2F, 0xC6, 0x14, 0x80, 0x03, 0x60, 0x1E, 0xC0,
        0x01, 0xB8, 0x0F, 0x2F, 0xF6, 0x78, 0x20, 0xAE, 0x02, 0x05, 0xA0, 0x22, 0x8B, 0x00, 0xEC, 0x02,
        0x24, 0x02, 0x6F, 0xE5, 0x01, 0x05, 0x70, 0x10, 0x2D, 0x01, 0x14, 0x58, 0x07, 0x60, 0x11, 0x20,
        0x13, 0x7F, 0x2F, 0xC6, 0x14, 0x80, 0x03, 0x60, 0x1E, 0xC0, 0x01, 0xB8, 0x0F, 0x2F, 0xF6, 0x78,
        0x20, 0xAE, 0x02, 0x05, 0xA0, 0x22, 0x8B, 0x00, 0xEC, 0x02, 0x24, 0x02, 0x6F, 0xE5, 0x01, 0x05,
        0x70, 0x10, 0x2D, 0x01, 0x14, 0x58, 0x07, 0x60, 0x11, 0x20, 0x13, 0x7F, 0x2F, 0xC6, 0x14, 0x80,
        0x03, 0x60, 0x1E, 0xC0, 0x01, 0xB8, 0x0F, 0x2F, 0xF6, 0x78, 0x20, 0xAE, 0x02, 0x05, 0xA0, 0x22,
        0x8B, 0x00, 0xEC, 0x02, 0x24, 0x02, 0x6F, 0xE5, 0x01, 0x05, 0x70, 0x10, 0x2D, 0x01, 0x14, 0x58,
        0x07, 0x60, 0x11, 0x20, 0x13, 0x7F, 0x2F, 0xC6, 0x14, 0x80, 0x03, 0x60, 0x1E, 0xC0, 0x01, 0xB8,
        0x0F, 0x2F, 0xF6, 0x78, 0x20, 0xAE, 0x02, 0x05, 0xA0, 0x22, 0x8B, 0x00, 0xEC, 0x02, 0x24, 0x02,
        0x6F, 0xE5, 0x01, 0x05, 0x70, 0x10, 0x2D, 0x01, 0x14, 0x58, 0x07, 0x60, 0x11, 0x20, 0x13, 0x7F,
        0x2F, 0xC6, 0x14, 0x80, 0x03, 0x60, 0x1E, 0xC0, 0x01, 0xB8, 0x0F, 0x2F, 0xF6, 0x78, 0x20, 0xAE,
        0x02, 0x05, 0xA0, 0x22, 0x8B, 0x00, 0xEC, 0x02, 0x24, 0x02, 0x6F, 0xE5, 0x01, 0x05, 0x70, 0x10,
        0x2D, 0x01, 0x14, 0x58, 0x07, 0x60, 0x11, 0x20, 0x13, 0x7F, 0x2F, 0xC6, 0x14, 0x80, 0x03, 0x60,
        0x1E, 0xC0, 0x01, 0xB8, 0x0F, 0x2F, 0xF6, 0x78, 0x20, 0xAE, 0x02, 0x05, 0xA0, 0x22, 0x8B, 0x00,
        0xEC, 0x02, 0x24, 0x02, 0x6F, 0xE5, 0x01, 0x05, 0x70, 0x10, 0x2D, 0x01, 0x14, 0x58, 0x07, 0x60,
        0x11, 0x20, 0x13, 0x7F, 0x2F, 0xC6, 0x14, 0x80, 0x03, 0x60, 0x1E, 0xC0, 0x01, 0xB8, 0x0F, 0x2F,
        0xF6, 0x78, 0x20, 0xAE, 0x02, 0x05, 0xA0, 0x22, 0x8B, 0x00, 0xEC, 0x02, 0x24, 0x02, 0x6F, 0xE5,
        0x01, 0x05, 0x70, 0x10, 0x2D, 0x01, 0x14, 0x58, 0x07, 0x60, 0x11, 0x20, 0x13, 0x7F, 0x2F, 0xC6,
        0x14, 0x80, 0x03, 0x60, 0x1E, 0xC0, 0x01, 0xB8, 0x0F, 0x2F, 0xF6, 0x78, 0x20, 0xAE, 0x02, 0x05,
        0xA0, 0x22, 0x8B, 0x00, 0xEC, 0x02, 0x24, 0x02, 0x6F, 0xE5, 0x01, 0x05, 0x70, 0x10, 0x2D, 0x01,
        0x14, 0x58, 0x07, 0x60, 0x11, 0x20, 0x13, 0x7F, 0x2F, 0xC6, 0x14, 0x80, 0x03, 0x60, 0x1E, 0xC0,
        0x01, 0xB8, 0x0F, 0x2F, 0xF6, 0x78, 0x20, 0xAE, 0x02, 0x05, 0xA0, 0x22, 0x8B, 0x00, 0xEC, 0x02,
        0x24, 0x02, 0x6F, 0xE5, 0x01, 0x05, 0x70, 0x10, 0x2D, 0x01, 0x14, 0x58, 0x07, 0x60, 0x11, 0x20,
        0x13, 0x7F, 0x2F, 0xC6, 0x14, 0x80, 0x03, 0x60, 0x1E, 0xC0, 0x01, 0xB8, 0x0F, 0x2F, 0xF6, 0x78,
        0x20, 0xAE, 0x02, 0x05, 0xA0, 0x22, 0x8B, 0x00, 0xEC, 0x02, 0x24, 0x02, 0x6F, 0xE5, 0x01, 0x05,
        0x70, 0x10, 0x2D, 0x01, 0x14, 0x58, 0x07, 0x60, 0x11, 0x20, 0x13, 0x7F, 0x2F, 0xC6, 0x14, 0x80,
        0x03, 0x60, 0x1E, 0xC0, 0x01, 0xB8, 0x0F, 0x2F, 0xF6, 0x88, 0x0E, 0xC1, 0x01, 0x80, 0x10, 0x2D,
        0x03, 0x43, 0x12, 0x18, 0x08, 0x22, 0xC0, 0x27, 0x04, 0x90, 0x44, 0x02, 0x6F, 0xE5, 0xA4, 0x07,
        0x60, 0x80, 0xC8, 0x08, 0x15, 0x81, 0xA0, 0x88, 0x30, 0x01, 0xA8, 0x24, 0x83, 0x02, 0x77, 0xE5,
        0xF8, 0x96, 0x90, 0x00, 0x6C, 0x03, 0xD8, 0x00, 0x37, 0x01, 0xE5, 0xFE, 0xDD, 0x04, 0x16, 0x80,
        0x40, 0xA8, 0x04, 0x51, 0xA0, 0x0D, 0x41, 0x24, 0x18, 0x13, 0xBF, 0x20, 0x08, 0x2D, 0x00, 0x81,
        0x58, 0x08, 0xA3, 0x00, 0x1A, 0x82, 0x48, 0x40, 0x27, 0x7E, 0x5F, 0x88, 0xE9, 0x00, 0x06, 0xC0,
        0x3D, 0x80, 0x03, 0x70, 0x1E, 0x5F, 0xED, 0xC0, 0x41, 0x68, 0x04, 0x0A, 0x80, 0x45, 0x1A, 0x00,
        0xD4, 0x12, 0x41, 0x81, 0x3B, 0xF2, 0x20, 0x82, 0xC8, 0x08, 0x15, 0x00, 0x8A, 0x34, 0x01, 0xA8,
        0x24, 0x83, 0x02, 0x77, 0xE5, 0xF8, 0x8A, 0x90, 0x00, 0x6C, 0x03, 0xD8, 0x00, 0x37, 0x01, 0xE5,
        0xFE, 0xE4, 0x04, 0x16, 0x80, 0x40, 0xA8, 0x04, 0x51, 0xA0, 0x0D, 0x41, 0x24, 0x18, 0x00, 0x5F,
        0x40, 0x41, 0x68, 0x04, 0x0A, 0x40, 0x45, 0x1A, 0x00, 0xD4, 0x12, 0x41, 0x81, 0x3B, 0xF2, 0xFC,
        0x37, 0x48, 0x00, 0x36, 0x01, 0xEC, 0x00, 0x1B, 0x80, 0xF2, 0xFF, 0x72, 0x02, 0x0B, 0x40, 0x20,
        0x54, 0x02, 0x28, 0xE0, 0x06, 0xA0, 0x92, 0x0C, 0x09, 0xDF, 0x94, 0x04, 0x16, 0x80, 0x40, 0xA4,
        0x04, 0x51, 0xC0, 0x0D, 0x41, 0x24, 0x18, 0x00, 0x5F, 0x7E, 0x1B, 0xA4, 0x00, 0x1B, 0x00, 0xF6,
        0x00, 0x0D, 0xC0, 0x79, 0x7F, 0xBB, 0x01, 0x05, 0xA0, 0x10, 0x2A, 0x01, 0x14, 0x70, 0x03, 0x10,
        0x49, 0x06, 0x04, 0xEF, 0xCA, 0x02, 0x0B, 0x40, 0x20, 0x52, 0x02, 0x28, 0xE0, 0x06, 0x20, 0x92,
        0x0C, 0x09, 0xDF, 0x97, 0xE1, 0x3A, 0x40, 0x01, 0xB0, 0x0F, 0x60, 0x00, 0xDC, 0x07, 0x97, 0xFB,
        0xB0, 0x10, 0x5A, 0x01, 0x02, 0x90, 0x11, 0x47, 0x00, 0x31, 0x04, 0x90, 0x60, 0x4E, 0xFC, 0xAC,
        0x04, 0x17, 0x80, 0x40, 0xAC, 0x04, 0x51, 0xA0, 0x0C, 0x41, 0x24, 0x18, 0x00, 0x5F, 0x7E, 0x0F,
        0xA4, 0x00, 0x1B, 0x00, 0xF6, 0x00, 0x0D, 0xC0, 0x79, 0x00, 0x00, 0x00, 0x00, 0x00, 0x00, 0x00,
        0x40, 0x53, 0x46, 0x56, 0x00, 0x00, 0x07, 0x58, 0x00, 0x18, 0x00, 0x01, 0x00, 0x00, 0x00, 0x00,
        0x00, 0x00, 0x00, 0x64, 0x00, 0x00, 0x0B, 0xB5, 0x00, 0x00, 0x00, 0x00, 0x00, 0x00, 0x00, 0x00,
        0x00, 0x00, 0x01, 0x00, 0x00, 0x97, 0xFF, 0xF8, 0x80, 0x00, 0x00, 0x01, 0x01, 0x0A, 0xC8, 0x30,
        0x04, 0x60, 0x10, 0xA0, 0x13, 0x41, 0x24, 0x20, 0x0F, 0x00, 0xA4, 0x02, 0x14, 0x00, 0x0C, 0x00,
        0x06, 0x16, 0xB2, 0x18, 0x94, 0x80, 0xF4, 0x15, 0x80, 0xA0, 0x09, 0xC6, 0x92, 0x40, 0x06, 0xA0,
        0x03, 0x1B, 0x3C, 0x92, 0x34, 0x07, 0xA0, 0x7D, 0x30, 0x48, 0x68, 0x13, 0x00, 0x1A, 0x80, 0x0C,
        0x6C, 0xB4, 0x49, 0x02, 0x69, 0x00, 0x8C, 0x34, 0x00, 0x63, 0x67, 0x90, 0x48, 0x68, 0x22, 0xFE,
        0x00, 0x0D, 0x40, 0x06, 0x31, 0x24, 0x09, 0xA4, 0x02, 0x34, 0x80, 0x0C, 0x69, 0x2D, 0xB0, 0x08,
        0xD2, 0x09, 0x3F, 0x89, 0x00, 0x18, 0xD6, 0x40, 0x10, 0x82, 0x4F, 0xE0, 0x68, 0x00, 0xC6, 0x00,
        0x8D, 0x20, 0x93, 0xF8, 0x90, 0x01, 0x8D, 0x64, 0x01, 0x1A, 0x41, 0x27, 0xF1, 0x20, 0x03, 0x18,
        0x02, 0x10, 0x49, 0xFC, 0x0D, 0x00, 0x18, 0xD6, 0x40, 0x11, 0xA4, 0x12, 0x7F, 0x12, 0x00, 0x31,
        0x80, 0x23, 0x48, 0x24, 0xFE, 0x24, 0x00, 0x63, 0x59, 0x00, 0x42, 0x09, 0x3F, 0x81, 0xA0, 0x03,
        0x18, 0x02, 0x34, 0x82, 0x4F, 0xE2, 0x40, 0x06, 0x35, 0x90, 0x04, 0x69, 0x04, 0x9F, 0xC4, 0x80,
        0x0C, 0x60, 0x08, 0x41, 0x27, 0xF0, 0x34, 0x00, 0x63, 0x59, 0x00, 0x46, 0x90, 0x49, 0xFC, 0x48,
        0x00, 0xC6, 0x00, 0x8D, 0x20, 0x93, 0xF8, 0x90, 0x01, 0x8D, 0x64, 0x01, 0x08, 0x24, 0xFE, 0x06,
        0x80, 0x0C, 0x60, 0x08, 0xD2, 0x09, 0x3F, 0x89, 0x00, 0x18, 0xD6, 0x40, 0x11, 0xA4, 0x12, 0x7F,
        0x12, 0x00, 0x31, 0x80, 0x21, 0x04, 0x9F, 0xC0, 0xD0, 0x01, 0x8D, 0x64, 0x01, 0x1A, 0x41, 0x27,
        0xF1, 0x20, 0x03, 0x18, 0x02, 0x34, 0x82, 0x4F, 0xE2, 0x40, 0x06, 0x35, 0x90, 0x04, 0x20, 0x93,
        0xF8, 0x1A, 0x00, 0x31, 0x80, 0x23, 0x48, 0x24, 0xFE, 0x24, 0x00, 0x63, 0x59, 0x00, 0x46, 0x90,
        0x49, 0xFC, 0x48, 0x00, 0xC6, 0x00, 0x84, 0x12, 0x7F, 0x03, 0x40, 0x06, 0x35, 0x90, 0x04, 0x69,
        0x04, 0x9F, 0xC4, 0x80, 0x0C, 0x60, 0x08, 0xD2, 0x09, 0x3F, 0x89, 0x00, 0x18, 0xD6, 0x40, 0x10,
        0x82, 0x4F, 0xE0, 0x68, 0x00, 0xC6, 0x00, 0x8D, 0x20, 0x93, 0xF8, 0x90, 0x01, 0x8D, 0x64, 0x01,
        0x1A, 0x41, 0x27, 0xF1, 0x20, 0x03, 0x18, 0x02, 0x10, 0x49, 0xFC, 0x0D, 0x00, 0x18, 0xD6, 0x40,
        0x11, 0xA4, 0x12, 0x7F, 0x12, 0x00, 0x31, 0x80, 0x23, 0x48, 0x24, 0xFE, 0x24, 0x00, 0x63, 0x59,
        0x00, 0x42, 0x09, 0x3F, 0x81, 0xA0, 0x03, 0x18, 0x02, 0x34, 0x82, 0x4F, 0xE2, 0x40, 0x06, 0x35,
        0x90, 0x04, 0x69, 0x04, 0x9F, 0xC4, 0x80, 0x0C, 0x60, 0x08, 0x41, 0x27, 0xF0, 0x34, 0x00, 0x63,
        0x59, 0x00, 0x46, 0x90, 0x49, 0xFC, 0x48, 0x00, 0xC6, 0x00, 0x8D, 0x20, 0x93, 0xF8, 0x90, 0x01,
        0x8D, 0x64, 0x01, 0x08, 0x24, 0xFE, 0x06, 0x80, 0x0C, 0x60, 0x08, 0xD2, 0x09, 0x3F, 0x89, 0x00,
        0x18, 0xD6, 0x40, 0x11, 0xA4, 0x12, 0x7F, 0x12, 0x00, 0x31, 0x80, 0x21, 0x04, 0x9F, 0xC0, 0xD0,
        0x01, 0x8D, 0x64, 0x01, 0x1A, 0x41, 0x27, 0xF1, 0x20, 0x03, 0x18, 0x02, 0x34, 0x82, 0x4F, 0xE2,
        0x40, 0x06, 0x35, 0x90, 0x04, 0x20, 0x93, 0xF8, 0x1A, 0x00, 0x31, 0x80, 0x23, 0x48, 0x24, 0xFE,
        0x24, 0x00, 0x63, 0x59, 0x00, 0x46, 0x90, 0x49, 0xFC, 0x48, 0x00, 0xC6, 0x00, 0x84, 0x12, 0x7F,
        0x03, 0x40, 0x06, 0x35, 0x90, 0x04, 0x69, 0x04, 0x9F, 0xC4, 0x80, 0x0C, 0x60, 0x08, 0xD2, 0x09,
        0x3F, 0x89, 0x00, 0x18, 0xD6, 0x40, 0x10, 0x82, 0x4F, 0xE0, 0x68, 0x00, 0xC6, 0x00, 0x8D, 0x20,
        0x93, 0xF8, 0x90, 0x01, 0x8D, 0x64, 0x01, 0x1A, 0x41, 0x27, 0xF1, 0x20, 0x03, 0x18, 0x02, 0x10,
        0x49, 0xFC, 0x0D, 0x00, 0x18, 0xD6, 0x40, 0x11, 0xA4, 0x12, 0x7F, 0x12, 0x00, 0x31, 0x80, 0x23,
        0x48, 0x24, 0xFE, 0x24, 0x00, 0x63, 0x36, 0x40, 0x11, 0xA4, 0x12, 0x7F, 0x12, 0x00, 0x31, 0x82,
        0x43, 0x41, 0x17, 0xF0, 0x00, 0x6A, 0x00, 0x31, 0xB5, 0xA0, 0x90, 0xD0, 0x45, 0xFC, 0x00, 0x1A,
        0x80, 0x0C, 0x6B, 0x43, 0x52, 0x90, 0x90, 0x90, 0x3C, 0x03, 0xDA, 0xC8, 0x24, 0x34, 0x09, 0x80,
        0x0D, 0x40, 0x06, 0x31, 0x24, 0x09, 0xA4, 0x02, 0x34, 0xDB, 0xC8, 0x24, 0x34, 0x11, 0x7F, 0x01,
        0x67, 0xFA, 0x09, 0x0D, 0x04, 0x5F, 0xC0, 0x59, 0xFC, 0x80, 0x00, 0x00, 0x01, 0x02, 0x0A, 0x79,
        0xB0, 0x10, 0x47, 0x00, 0x00, 0x01, 0x03, 0x0A, 0x68, 0xCA, 0x40, 0x22, 0x59, 0x69, 0xC8, 0x68,
        0x4A, 0x46, 0x84, 0x80, 0x0D, 0x00, 0x06, 0x30, 0xD4, 0x01, 0x20, 0x01, 0x9A, 0x60, 0x00, 0x00,
        0x01, 0x04, 0x0A, 0x53, 0x97, 0xB8, 0x84, 0x00, 0x0C, 0xD2, 0x00, 0x35, 0x80, 0xC1, 0x6C, 0xF5,
        0x11, 0xA9, 0x09, 0x05, 0x6F, 0xE4, 0xC9, 0x0D, 0x18, 0x90, 0x01, 0x70, 0x44, 0x00, 0x00, 0x01,
        0x05, 0x0A, 0x68, 0x04, 0x19, 0x49, 0x96, 0x80, 0x00, 0x00, 0x01, 0x06, 0x0A, 0x79, 0xA0, 0x10,
        0xCA, 0xA3, 0x80, 0x00, 0x00, 0x01, 0x07, 0x0A, 0x68, 0x28, 0xD5, 0xA0, 0x08, 0x00, 0x23, 0x48,
        0x00, 0xC2, 0x07, 0x2D, 0x05, 0x17, 0x67, 0x00, 0x00, 0x01, 0x08, 0x0A, 0x70, 0xAD, 0x68, 0x68,
        0x48, 0x1E, 0xB9, 0xDA, 0x09, 0x20, 0x7E, 0x97, 0x92, 0x52, 0x76, 0x5A, 0x45, 0x33, 0x34, 0x10,
        0x5B, 0x67, 0x00, 0x00, 0x01, 0x09, 0x0A, 0x52, 0x76, 0xA0, 0x03, 0xA4, 0x02, 0x1F, 0xD0, 0x08,
        0xD2, 0x00, 0x33, 0x80, 0x74, 0x80, 0x09, 0xC0, 0x46, 0x90, 0x01, 0x9C, 0x23, 0x53, 0x95, 0xB9,
        0xA4, 0x68, 0x08, 0x81, 0x8F, 0xFA, 0x24, 0x80, 0xF0, 0x02, 0x20, 0x01, 0x7D, 0x28, 0x5C, 0x74,
        0x34, 0x68, 0xC0, 0x8A, 0xCD, 0x03, 0x00, 0x56, 0x01, 0x1A, 0x64, 0x0C, 0x01, 0x58, 0x04, 0x69,
        0xAC, 0xD0, 0x30, 0x05, 0x60, 0x11, 0xA6, 0x40, 0xC0, 0x15, 0x80, 0x46, 0x9A, 0x6E, 0x7D, 0xE6,
        0x12, 0x90, 0x26, 0x99, 0x20, 0x02, 0xC0, 0x15, 0xC0, 0xB9, 0x79, 0x50, 0x00, 0x00, 0x01, 0x0A,
        0x0A, 0x70, 0xD7, 0xB4, 0x81, 0x30, 0x15, 0x00, 0x0C, 0xD1, 0x4D, 0xB3, 0x52, 0xCE, 0x51, 0x4B,
        0x77, 0x00, 0x20, 0x18, 0x0A, 0xDF, 0xD0, 0x22, 0x38, 0x00, 0x00, 0x01, 0x0B, 0x0A, 0x53, 0xB4,
        0x12, 0x00, 0x32, 0x03, 0xE0, 0x2B, 0x01, 0xE4, 0x23, 0x52, 0xF2, 0x59, 0xB9, 0xED, 0xA5, 0x00,
        0x03, 0x10, 0x01, 0xA5, 0x21, 0x83, 0xB3, 0x6C, 0xD1, 0x97, 0x94, 0x81, 0x73, 0x80, 0x00, 0x00,
        0x01, 0x0C, 0x0A, 0x71, 0x94, 0xA4, 0xCF, 0x25, 0x14, 0x20, 0x09, 0x81, 0x39, 0x08, 0x00, 0x19,
        0xA4, 0x00, 0x6B, 0x3B, 0xDA, 0x46, 0x04, 0x8D, 0x48, 0x12, 0xA4, 0x9B, 0x2B, 0x2C, 0xD1, 0x7C,
        0x9E, 0x21, 0x00, 0x03, 0x34, 0x80, 0x0D, 0x61, 0xBA, 0x31, 0x00, 0x03, 0x30, 0x3F, 0x03, 0x1C,
        0x00, 0x00, 0x01, 0x0D, 0x0A, 0x76, 0x6C, 0xC9, 0xB1, 0xB6, 0x90, 0xD2, 0x41, 0x0C, 0x05, 0x60,
        0x03, 0x1A, 0xC5, 0x28, 0x00, 0x18, 0x80, 0x0D, 0x13, 0x0C, 0x1A, 0x84, 0xD2, 0x20, 0xB0, 0xA3,
        0x72, 0xD4, 0xA5, 0x2C, 0xC2, 0x8E, 0x00, 0x00, 0x01, 0x0E, 0x0A, 0x76, 0x68, 0x8B, 0xDB, 0x42,
        0x09, 0x08, 0x01, 0x54, 0x0A, 0x93, 0xCA, 0xF5, 0x49, 0x48, 0x2C, 0x81, 0x22, 0x76, 0xF0, 0x02,
        0x70, 0x3C, 0x84, 0x80, 0xAD, 0x14, 0xC8, 0x39, 0x68, 0x00, 0x00, 0x01, 0x0F, 0x0A, 0x6C, 0x9A,
        0x01, 0x19, 0x24, 0x15, 0xFF, 0xA6, 0x57, 0x3D, 0x20, 0x60, 0x0A, 0xC0, 0x23, 0xA4, 0xA0, 0xB1,
        0x3C, 0xAF, 0xE9, 0x24, 0x07, 0x80, 0x11, 0x82, 0x70, 0x24, 0xD8, 0x21, 0x00, 0x03, 0x34, 0x80,
        0x0D, 0x64, 0x20, 0x00, 0x66, 0x90, 0x01, 0xAC, 0x1C, 0xD4, 0xB6, 0x00, 0x00, 0x01, 0x10, 0x0B,
        0xAA, 0x4A, 0x00, 0x06, 0x49, 0x00, 0x1A, 0x44, 0x4D, 0x82, 0x0B, 0xC1, 0x29, 0x24, 0xA4, 0x05,
        0x70, 0xC0, 0x01, 0x9A, 0x40, 0x06, 0xB6, 0x4A, 0x04, 0x20, 0x44, 0xFC, 0x04, 0x8F, 0xC0, 0x01,
        0x84, 0x42, 0x18, 0x02, 0x90, 0x55, 0x02, 0x83, 0x9C, 0x00, 0x00, 0x01, 0x11, 0x0A, 0x79, 0x4E,
        0x59, 0x01, 0xC3, 0x61, 0xCE, 0x00, 0x00, 0x01, 0x12, 0x0A, 0x71, 0x9B, 0xB4, 0x12, 0x07, 0x80,
        0xF0, 0x36, 0x01, 0x40, 0xA9, 0xAD, 0x64, 0x10, 0x90, 0x01, 0x50, 0x00, 0xBE, 0x18, 0x12, 0x49,
        0x01, 0x40, 0x08, 0xA3, 0xAD, 0xA0, 0x60, 0x0A, 0xC0, 0x23, 0x4D, 0x21, 0xD5, 0x92, 0x06, 0x00,
        0xAC, 0x02, 0x34, 0xC8, 0x18, 0x02, 0xB0, 0x08, 0xD3, 0x4D, 0x0C, 0xE0, 0x00, 0x00, 0x01, 0x13,
        0x0B, 0xB8, 0xA4, 0x0F, 0x00, 0x8D, 0x00, 0x03, 0x39, 0x20, 0x78, 0x04, 0x68, 0x00, 0x19, 0xC8,
        0xAC, 0x9A, 0x1B, 0x68, 0x42, 0x46, 0xC0, 0x70, 0xE0, 0x00, 0x00, 0x01, 0x14, 0x0A, 0x7E, 0xF0,
        0x60, 0x00, 0xC9, 0x20, 0x03, 0x49, 0x14, 0xD1, 0x5C, 0xDE, 0x8D, 0x24, 0xA4, 0x05, 0x74, 0xA8,
        0x20, 0x34, 0x8D, 0x33, 0x80, 0x00, 0x00, 0x01, 0x15, 0x0A, 0x79, 0x5B, 0x89, 0x40, 0x00, 0xC9,
        0x20, 0x03, 0x48, 0x6C, 0x50, 0x80, 0x01, 0x9A, 0x40, 0x06, 0xB2, 0x10, 0x00, 0x33, 0x48, 0x00,
        0xD6, 0x09, 0xBE, 0xA5, 0x20, 0x03, 0x24, 0x00, 0x0D, 0x2C, 0xB8, 0x94, 0x00, 0x0C, 0x92, 0x00,
        0x34, 0xAE, 0x8D, 0x48, 0xD0, 0x1E, 0x02, 0x98, 0x14, 0x14, 0x5A, 0x19, 0xC0, 0x00, 0x00, 0x01,
        0x16, 0x0A, 0x53, 0x9A, 0xDA, 0x82, 0x50, 0x00, 0x32, 0x48, 0x00, 0xD2, 0x4A, 0x00, 0x06, 0x20,
        0x03, 0x49, 0x95, 0xFD, 0x09, 0x01, 0x58, 0x04, 0x49, 0xAC, 0xD2, 0x31, 0x20, 0x48, 0x02, 0x08,
        0x34, 0x60, 0x0A, 0x80, 0x20, 0x00, 0x18, 0xD6, 0x69, 0x18, 0x90, 0x24, 0x99, 0x23, 0x12, 0x04,
        0x80, 0x20, 0xB6, 0xEC, 0x24, 0x92, 0x03, 0xC0, 0x80, 0x58, 0xFE, 0x82, 0xEB, 0x43, 0x12, 0x99,
        0x97, 0x92, 0xC9, 0xB0, 0xA3, 0x67, 0xAB, 0x42, 0x40, 0x06, 0x68, 0xA5, 0x77, 0xB2, 0x48, 0x48,
        0xD8, 0x00, 0x00, 0x01, 0x17, 0x0A, 0x56, 0xC8, 0x62, 0x02, 0x00, 0x55, 0x00, 0x44, 0x90, 0x08,
        0x00, 0x06, 0x35, 0xB1, 0x83, 0x42, 0x02, 0x12, 0x0B, 0x1F, 0xD3, 0x68, 0x92, 0x48, 0x09, 0x00,
        0x19, 0x46, 0x5F, 0x2D, 0x8C, 0x40, 0x0F, 0x09, 0x36, 0x79, 0x00, 0x44, 0x1A, 0x01, 0x12, 0x01,
        0x37, 0xF2, 0x00, 0x88, 0x34, 0x02, 0x24, 0x02, 0x6F, 0xE5, 0x64, 0x01, 0x10, 0x68, 0x04, 0x48,
        0x04, 0xDF, 0xC8, 0x02, 0x20, 0xD0, 0x08, 0x90, 0x09, 0xBF, 0x95, 0x90, 0x04, 0x41, 0xA0, 0x11,
        0x20, 0x13, 0x7F, 0x20, 0x08, 0x83, 0x40, 0x22, 0x40, 0x26, 0xFE, 0x56, 0x40, 0x11, 0x06, 0x80,
        0x44, 0x80, 0x4D, 0xFC, 0x80, 0x22, 0x0D, 0x00, 0x89, 0x00, 0x9B, 0xF9, 0x59, 0x00, 0x44, 0x1A,
        0x01, 0x12, 0x01, 0x37, 0xF2, 0x00, 0x88, 0x34, 0x02, 0x24, 0x02, 0x6F, 0xE5, 0x64, 0x01, 0x10,
        0x68, 0x04, 0x48, 0x04, 0xDF, 0xC8, 0x02, 0x20, 0xD0, 0x08, 0x90, 0x09, 0xBF, 0x95, 0x90, 0x04,
        0x41, 0xA0, 0x11, 0x20, 0x13, 0x7F, 0x20, 0x08, 0x83, 0x40, 0x22, 0x40, 0x26, 0xFE, 0x56, 0x40,
        0x11, 0x06, 0x80, 0x44, 0x80, 0x4D, 0xFC, 0x80, 0x22, 0x0D, 0x00, 0x89, 0x00, 0x9B, 0xF9, 0x59,
        0x00, 0x44, 0x1A, 0x01, 0x12, 0x01, 0x37, 0xF2, 0x00, 0x88, 0x34, 0x02, 0x24, 0x02, 0x6F, 0xE5,
        0x64, 0x01, 0x10, 0x68, 0x04, 0x48, 0x04, 0xDF, 0xC8, 0x02, 0x20, 0xD0, 0x08, 0x90, 0x09, 0xBF,
        0x95, 0x90, 0x04, 0x41, 0xA0, 0x11, 0x20, 0x13, 0x7F, 0x20, 0x08, 0x83, 0x40, 0x22, 0x40, 0x26,
        0xFE, 0x56, 0x40, 0x11, 0x06, 0x80, 0x44, 0x80, 0x4D, 0xFC, 0x80, 0x22, 0x0D, 0x00, 0x89, 0x00,
        0x9B, 0xF9, 0x59, 0x00, 0x44, 0x1A, 0x01, 0x12, 0x01, 0x37, 0xF2, 0x00, 0x88, 0x34, 0x02, 0x24,
        0x02, 0x6F, 0xE5, 0x64, 0x01, 0x10, 0x68, 0x04, 0x48, 0x04, 0xDF, 0xC8, 0x02, 0x20, 0xD0, 0x08,
        0x90, 0x09, 0xBF, 0x95, 0x90, 0x04, 0x41, 0xA0, 0x11, 0x20, 0x13, 0x7F, 0x20, 0x08, 0x83, 0x40,
        0x22, 0x40, 0x26, 0xFE, 0x56, 0x40, 0x11, 0x06, 0x80, 0x44, 0x80, 0x4D, 0xFC, 0x80, 0x22, 0x0D,
        0x00, 0x89, 0x00, 0x9B, 0xF9, 0x59, 0x00, 0x44, 0x1A, 0x01, 0x12, 0x01, 0x37, 0xF2, 0x00, 0x88,
        0x34, 0x02, 0x24, 0x02, 0x6F, 0xE5, 0x64, 0x01, 0x10, 0x68, 0x04, 0x48, 0x04, 0xDF, 0xC8, 0x02,
        0x20, 0xD0, 0x08, 0x90, 0x09, 0xBF, 0x95, 0x90, 0x04, 0x41, 0xA0, 0x11, 0x20, 0x13, 0x7F, 0x20,
        0x08, 0x83, 0x40, 0x22, 0x40, 0x26, 0xFE, 0x56, 0x40, 0x11, 0x06, 0x80, 0x44, 0x80, 0x4D, 0xFC,
        0x80, 0x22, 0x0D, 0x00, 0x89, 0x00, 0x9B, 0xF9, 0x59, 0x00, 0x44, 0x1A, 0x01, 0x12, 0x01, 0x37,
        0xF2, 0x00, 0x88, 0x34, 0x02, 0x24, 0x02, 0x6F, 0xE5, 0x64, 0x01, 0x10, 0x68, 0x04, 0x48, 0x04,
        0xDF, 0xC8, 0x02, 0x20, 0xD0, 0x08, 0x90, 0x09, 0xBF, 0x96, 0xB2, 0x00, 0x88, 0x34, 0x02, 0x24,
        0x02, 0x6F, 0xE4, 0x01, 0x10, 0x68, 0x04, 0x48, 0x04, 0xDF, 0xCA, 0xC8, 0x6A, 0x12, 0x01, 0x00,
        0x12, 0x09, 0x00, 0x1A, 0xC1, 0x01, 0x24, 0x80, 0x3C, 0x0A, 0x9F, 0x94, 0xBD, 0xA2, 0x48, 0x12,
        0x48, 0x04, 0x00, 0x03, 0x1A, 0x5F, 0xEC, 0x05, 0x09, 0x01, 0xE8, 0x04, 0x34, 0x96, 0x5C, 0x00,
        0x40, 0x53, 0x46, 0x56, 0x00, 0x00, 0x08, 0x18, 0x00, 0x18, 0x00, 0x10, 0x00, 0x00, 0x00, 0x00,
        0x00, 0x00, 0x00, 0xC8, 0x00, 0x00, 0x0B, 0xB5, 0x00, 0x00, 0x00, 0x00, 0x00, 0x00, 0x00, 0x00,
        0x00, 0x00, 0x01, 0x00, 0x00, 0x5F, 0xFF, 0xF8, 0x88, 0x00, 0x00, 0x01, 0x01, 0x0A, 0x7C, 0x83,
        0x00, 0x46, 0x01, 0x0A, 0x01, 0x34, 0x12, 0x42, 0x00, 0xF0, 0x0A, 0x40, 0x21, 0x40, 0x00, 0xC0,
        0x00, 0x61, 0x4F, 0x90, 0xC4, 0xA4, 0x07, 0xA0, 0x10, 0xA0, 0x02, 0x08, 0x02, 0x74, 0xA5, 0x01,
        0x20, 0x7C, 0x07, 0xA0, 0x03, 0x1A, 0x7B, 0x06, 0x24, 0x20, 0x93, 0x04, 0x86, 0x81, 0x30, 0x01,
        0xA8, 0x00, 0xC6, 0x42, 0x00, 0x06, 0x20, 0x03, 0x5A, 0x7D, 0x12, 0x40, 0x9A, 0x40, 0x23, 0x0D,
        0x00, 0x18, 0xD3, 0xE4, 0x12, 0x1A, 0x08, 0xBF, 0x80, 0x03, 0x50, 0x01, 0x8C, 0x49, 0x02, 0x69,
        0x00, 0x8C, 0x34, 0x00, 0x63, 0x4F, 0xA0, 0x09, 0xC0, 0x98, 0x40, 0x48, 0x1F, 0x4D, 0x3E, 0xC0,
        0x23, 0x48, 0x24, 0xFE, 0x24, 0x00, 0x63, 0x4F, 0x90, 0x04, 0x20, 0x93, 0xF8, 0x1A, 0x00, 0x31,
        0x80, 0x23, 0x48, 0x24, 0xFE, 0x24, 0x00, 0x63, 0x4F, 0x90, 0x04, 0x69, 0x04, 0x9F, 0xC4, 0x80,
        0x0C, 0x60, 0x08, 0x41, 0x27, 0xF0, 0x34, 0x00, 0x63, 0x4F, 0x90, 0x04, 0x69, 0x04, 0x9F, 0xC4,
        0x80, 0x0C, 0x60, 0x08, 0xD2, 0x09, 0x3F, 0x89, 0x00, 0x18, 0xD3, 0xE4, 0x01, 0x08, 0x24, 0xFE,
        0x06, 0x80, 0x0C, 0x60, 0x08, 0xD2, 0x09, 0x3F, 0x89, 0x00, 0x18, 0xD3, 0xE4, 0x01, 0x1A, 0x41,
        0x27, 0xF1, 0x20, 0x03, 0x18, 0x02, 0x10, 0x49, 0xFC, 0x0D, 0x00, 0x18, 0xD3, 0xE4, 0x01, 0x1A,
        0x41, 0x27, 0xF1, 0x20, 0x03, 0x18, 0x02, 0x34, 0x82, 0x4F, 0xE2, 0x40, 0x06, 0x34, 0xF9, 0x00,
        0x42, 0x09, 0x3F, 0x81, 0xA0, 0x03, 0x18, 0x02, 0x34, 0x82, 0x4F, 0xE2, 0x40, 0x06, 0x34, 0xF9,
        0x00, 0x46, 0x90, 0x49, 0xFC, 0x48, 0x00, 0xC6, 0x00, 0x84, 0x12, 0x7F, 0x03, 0x40, 0x06, 0x34,
        0xF9, 0x00, 0x46, 0x90, 0x49, 0xFC, 0x48, 0x00, 0xC6, 0x00, 0x8D, 0x20, 0x93, 0xF8, 0x90, 0x01,
        0x8D, 0x3E, 0x40, 0x10, 0x82, 0x4F, 0xE0, 0x68, 0x00, 0xC6, 0x00, 0x8D, 0x20, 0x93, 0xF8, 0x90,
        0x01, 0x8D, 0x3E, 0x40, 0x11, 0xA4, 0x12, 0x7F, 0x12, 0x00, 0x31, 0x80, 0x21, 0x04, 0x9F, 0xC0,
        0xD0, 0x01, 0x8D, 0x3E, 0x40, 0x11, 0xA4, 0x12, 0x7F, 0x12, 0x00, 0x31, 0x80, 0x23, 0x48, 0x24,
        0xFE, 0x24, 0x00, 0x63, 0x4F, 0x90, 0x04, 0x20, 0x93, 0xF8, 0x1A, 0x00, 0x31, 0x80, 0x23, 0x48,
        0x24, 0xFE, 0x24, 0x00, 0x63, 0x4F, 0x90, 0x04, 0x69, 0x04, 0x9F, 0xC4, 0x80, 0x0C, 0x60, 0x08,
        0x41, 0x27, 0xF0, 0x34, 0x00, 0x63, 0x4F, 0x90, 0x04, 0x69, 0x04, 0x9F, 0xC4, 0x80, 0x0C, 0x60,
        0x08, 0xD2, 0x09, 0x3F, 0x89, 0x00, 0x18, 0xD3, 0xE4, 0x01, 0x08, 0x24, 0xFE, 0x06, 0x80, 0x0C,
        0x60, 0x08, 0xD2, 0x09, 0x3F, 0x89, 0x00, 0x18, 0xD3, 0xE4, 0x01, 0x1A, 0x41, 0x27, 0xF1, 0x20,
        0x03, 0x18, 0x02, 0x10, 0x49, 0xFC, 0x0D, 0x00, 0x18, 0xD3, 0xE4, 0x01, 0x1A, 0x41, 0x27, 0xF1,
        0x20, 0x03, 0x18, 0x02, 0x34, 0x82, 0x4F, 0xE2, 0x40, 0x06, 0x34, 0xF9, 0x00, 0x42, 0x09, 0x3F,
        0x81, 0xA0, 0x03, 0x18, 0x02, 0x34, 0x82, 0x4F, 0xE2, 0x40, 0x06, 0x34, 0xF9, 0x00, 0x46, 0x90,
        0x49, 0xFC, 0x48, 0x00, 0xC6, 0x00, 0x84, 0x12, 0x7F, 0x03, 0x40, 0x06, 0x34, 0xF9, 0x00, 0x46,
        0x90, 0x49, 0xFC, 0x48, 0x00, 0xC6, 0x00, 0x8D, 0x20, 0x93, 0xF8, 0x90, 0x01, 0x8D, 0x3E, 0x40,
        0x10, 0x82, 0x4F, 0xE0, 0x68, 0x00, 0xC6, 0x00, 0x8D, 0x20, 0x93, 0xF8, 0x90, 0x01, 0x8D, 0x3E,
        0x40, 0x11, 0xA4, 0x12, 0x7F, 0x12, 0x00, 0x31, 0x80, 0x21, 0x04, 0x9F, 0xC0, 0xD0, 0x01, 0x8D,
        0x3E, 0x40, 0x11, 0xA4, 0x12, 0x7F, 0x12, 0x00, 0x31, 0x80, 0x23, 0x48, 0x24, 0xFE, 0x24, 0x00,
        0x63, 0x4F, 0x90, 0x04, 0x20, 0x93, 0xF8, 0x1A, 0x00, 0x31, 0x80, 0x23, 0x48, 0x24, 0xFE, 0x24,
        0x00, 0x63, 0x4F, 0x90, 0x04, 0x69, 0x04, 0x9F, 0xC4, 0x80, 0x0C, 0x60, 0x08, 0x41, 0x27, 0xF0,
        0x34, 0x00, 0x63, 0x4F, 0x90, 0x04, 0x69, 0x04, 0x9F, 0xC4, 0x80, 0x0C, 0x60, 0x08, 0xD2, 0x09,
        0x3F, 0x89, 0x00, 0x18, 0xCC, 0xF9, 0x00, 0x46, 0x90, 0x49, 0xFC, 0x48, 0x00, 0xC6, 0x09, 0x0D,
        0x04, 0x5F, 0xC0, 0x01, 0xA8, 0x00, 0xC6, 0xFF, 0x41, 0x21, 0xA0, 0x8B, 0xF8, 0x00, 0x35, 0x00,
        0x18, 0xD3, 0xA9, 0x10, 0xD2, 0x02, 0x70, 0x13, 0x84, 0x82, 0x17, 0xB1, 0x0C, 0x12, 0x7E, 0x83,
        0x60, 0xD0, 0x0B, 0x40, 0x76, 0x08, 0xBF, 0x00, 0x3B, 0x04, 0x9F, 0xA0, 0xD0, 0x01, 0x8D, 0x3E,
        0x44, 0x30, 0x03, 0xB0, 0x0D, 0x41, 0x17, 0xD8, 0x86, 0x09, 0x3F, 0x81, 0xA0, 0x9B, 0xF9, 0x10,
        0xC0, 0x2D, 0x01, 0xD8, 0x22, 0xFC, 0x00, 0xEC, 0x12, 0x7E, 0x83, 0x40, 0x06, 0x34, 0xEE, 0x41,
        0x21, 0xA0, 0x8B, 0xF8, 0x0B, 0x3F, 0x90, 0x48, 0x68, 0x22, 0xFE, 0x02, 0xCF, 0xE4, 0x00, 0x00,
        0x01, 0x02, 0x0A, 0x5C, 0xFA, 0x40, 0xC0, 0x15, 0x80, 0x46, 0x98, 0x04, 0x2B, 0xE4, 0x3C, 0x85,
        0x00, 0x00, 0x01, 0x03, 0x0A, 0x58, 0x08, 0x19, 0xF2, 0x1A, 0x12, 0x04, 0xC0, 0x06, 0x90, 0xD1,
        0x80, 0x2A, 0x00, 0x84, 0x0F, 0x80, 0xAE, 0x00, 0x00, 0x01, 0x04, 0x0A, 0x7C, 0xD2, 0x80, 0x01,
        0x92, 0x40, 0x06, 0x92, 0x10, 0x00, 0x33, 0x48, 0x00, 0xD6, 0x67, 0xE2, 0x10, 0x00, 0x33, 0x48,
        0x00, 0xD6, 0x01, 0x07, 0xFB, 0x50, 0x34, 0x24, 0x64, 0x82, 0x4A, 0x40, 0x54, 0x00, 0x30, 0x80,
        0xC8, 0x28, 0x81, 0x00, 0x0A, 0xE0, 0x00, 0x00, 0x01, 0x05, 0x0A, 0x58, 0x08, 0x1F, 0xF6, 0x12,
        0x90, 0x1E, 0x00, 0x44, 0x88, 0x00, 0x00, 0x01, 0x06, 0x0A, 0x58, 0x08, 0x19, 0x60, 0x00, 0x00,
        0x01, 0x07, 0x0A, 0x7E, 0x25, 0x00, 0x03, 0x24, 0x80, 0x0D, 0x20, 0x93, 0xE8, 0x02, 0x00, 0x08,
        0xD2, 0x00, 0x30, 0x81, 0xCF, 0xC0, 0x26, 0x02, 0x24, 0x00, 0x0C, 0xE0, 0x82, 0xC0, 0x00, 0x00,
        0x01, 0x08, 0x0A, 0x5B, 0xFF, 0x09, 0x20, 0x49, 0x00, 0xB0, 0x05, 0x4B, 0x0C, 0x7D, 0xA0, 0x92,
        0x10, 0x36, 0xDE, 0xFF, 0xA4, 0xA4, 0x16, 0x3F, 0xA9, 0x60, 0x88, 0xB0, 0x00, 0x00, 0x01, 0x09,
        0x0A, 0x5B, 0x5C, 0xB0, 0xAB, 0xFF, 0xE0, 0x68, 0xD4, 0x83, 0x08, 0x15, 0x5C, 0xB9, 0xF3, 0x40,
        0xC0, 0x15, 0x80, 0x46, 0x99, 0x03, 0x00, 0x56, 0x01, 0x1A, 0x69, 0xF3, 0x40, 0xC0, 0x15, 0x80,
        0x46, 0x99, 0x03, 0x00, 0x56, 0x01, 0x1A, 0x64, 0x7C, 0xD0, 0x30, 0x05, 0x60, 0x11, 0xA6, 0x1A,
        0x49, 0x18, 0x02, 0x20, 0x54, 0x02, 0x81, 0x62, 0xC0, 0x00, 0x00, 0x01, 0x0A, 0x0A, 0x58, 0x63,
        0xE2, 0x84, 0x12, 0x10, 0x02, 0xA8, 0x92, 0x49, 0x40, 0x38, 0x81, 0x47, 0x7C, 0xB6, 0x7E, 0x00,
        0x40, 0x30, 0x15, 0xBF, 0xA0, 0x44, 0x58, 0x00, 0x00, 0x01, 0x0B, 0x0A, 0x5C, 0xFA, 0x09, 0x00,
        0x19, 0x01, 0xF0, 0x15, 0x80, 0xF2, 0x0A, 0xBE, 0xFA, 0x18, 0x48, 0x01, 0x10, 0x00, 0xCA, 0x90,
        0x60, 0xF2, 0x0E, 0x1A, 0x7C, 0x10, 0x92, 0x42, 0x60, 0x81, 0xA0, 0x11, 0x43, 0x3E, 0xC0, 0x05,
        0xE8, 0x00, 0x1A, 0xA2, 0x9F, 0xA0, 0x78, 0x92, 0x02, 0xB8, 0x17, 0x2C, 0x00, 0x00, 0x01, 0x0C,
        0x0A, 0x58, 0xEF, 0x97, 0x3E, 0x28, 0x40, 0x13, 0x02, 0x72, 0x10, 0x00, 0x33, 0x48, 0x00, 0xD6,
        0x67, 0xD8, 0xC4, 0x04, 0xA5, 0x29, 0x05, 0x40, 0x29, 0x7F, 0x34, 0x8C, 0x05, 0x1F, 0xE4, 0x49,
        0x18, 0x0A, 0x3F, 0xC8, 0xA5, 0x39, 0x49, 0x1F, 0x88, 0x40, 0x00, 0xCD, 0x20, 0x03, 0x58, 0x67,
        0xE8, 0xC4, 0x00, 0x0C, 0xC0, 0xFC, 0x0C, 0x58, 0x00, 0x00, 0x01, 0x0D, 0x0A, 0x58, 0xD7, 0x2C,
        0xBF, 0xB0, 0xD4, 0x81, 0xF0, 0x47, 0xFC, 0x00, 0x18, 0xD5, 0xE1, 0x23, 0xC8, 0x6C, 0x22, 0xCB,
        0x2C, 0x2C, 0xB0, 0x00, 0x00, 0x01, 0x0E, 0x0A, 0x5B, 0x3E, 0x90, 0x80, 0x3E, 0x02, 0xB4, 0xC4,
        0x7E, 0x81, 0xE0, 0x65, 0x02, 0x00, 0x19, 0xDB, 0xE5, 0x82, 0xC4, 0x79, 0xF1, 0x42, 0x49, 0x09,
        0x01, 0x54, 0x84, 0x92, 0x12, 0x02, 0xAA, 0xB9, 0x16, 0xFC, 0x1A, 0x34, 0x09, 0x03, 0x37, 0xF5,
        0x2C, 0x39, 0x60, 0x00, 0x00, 0x01, 0x0F, 0x0A, 0x59, 0x1F, 0x40, 0x23, 0x24, 0x82, 0xBF, 0xF4,
        0x8D, 0x2B, 0x48, 0x1F, 0x48, 0x0A, 0xE9, 0xB7, 0xA8, 0x40, 0x00, 0xC0, 0x00, 0x68, 0x88, 0x16,
        0x23, 0xCF, 0xB4, 0x24, 0x90, 0x90, 0x15, 0x57, 0xE2, 0x12, 0x90, 0x1E, 0x21, 0x20, 0x23, 0x00,
        0x17, 0x26, 0x91, 0x67, 0xC1, 0x08, 0x00, 0x19, 0xA4, 0x00, 0x6B, 0x21, 0x00, 0x03, 0x34, 0x80,
        0x0D, 0x60, 0xC5, 0x80, 0x00, 0x00, 0x01, 0x10, 0x0A, 0x7C, 0x12, 0x80, 0x01, 0x92, 0x40, 0x06,
        0x92, 0x50, 0x00, 0x32, 0x48, 0x00, 0xD2, 0x25, 0xCB, 0x90, 0x73, 0x95, 0x48, 0x32, 0x05, 0x2F,
        0x97, 0x3E, 0x90, 0x80, 0x01, 0x9A, 0x40, 0x06, 0xB5, 0xF0, 0x01, 0xE0, 0x0A, 0xC0, 0x06, 0x49,
        0x90, 0x0A, 0x3F, 0xC0, 0x2A, 0xA5, 0x88, 0xB0, 0x00, 0x00, 0x01, 0x11, 0x0A, 0x58, 0x1A, 0xBE,
        0x58, 0x8B, 0x00, 0x00, 0x01, 0x12, 0x0B, 0x7C, 0xB1, 0x9F, 0x41, 0x20, 0x78, 0x0F, 0x03, 0x60,
        0x14, 0x0A, 0xEA, 0xBA, 0x94, 0x00, 0x0C, 0x92, 0x00, 0x34, 0xBB, 0xBC, 0x50, 0x80, 0x91, 0xB0,
        0xC2, 0x42, 0x00, 0x55, 0x4B, 0x47, 0xDA, 0x06, 0x00, 0xAC, 0x02, 0x34, 0xD3, 0xE4, 0x81, 0x80,
        0x2B, 0x00, 0x8D, 0x32, 0x06, 0x00, 0xAC, 0x02, 0x34, 0xD3, 0xE4, 0x81, 0x80, 0x2B, 0x00, 0x8D,
        0x32, 0x06, 0x00, 0xAC, 0x02, 0x34, 0xC2, 0x2C, 0x00, 0x00, 0x01, 0x13, 0x0A, 0xBD, 0xF2, 0xE7,
        0xD8, 0x04, 0x48, 0x00, 0x8C, 0x00, 0x5D, 0x08, 0xFB, 0x42, 0x12, 0x36, 0x06, 0xBE, 0x58, 0x41,
        0x60, 0x00, 0x00, 0x01, 0x14, 0x0A, 0x5C, 0xFC, 0x18, 0x00, 0x32, 0x48, 0x00, 0xD2, 0x11, 0xFA,
        0x84, 0x00, 0x0C, 0xD2, 0x00, 0x35, 0x80, 0xE1, 0xF6, 0x84, 0x81, 0xE0, 0x15, 0xCC, 0xB0, 0x00,
        0x00, 0x01, 0x15, 0x0A, 0x5B, 0x3F, 0x12, 0x80, 0x01, 0x92, 0x40, 0x06, 0x90, 0xCF, 0x8A, 0x10,
        0x00, 0x33, 0x48, 0x00, 0xD6, 0x42, 0x00, 0x06, 0x69, 0x00, 0x1A, 0xC1, 0x27, 0xEA, 0x52, 0x00,
        0x32, 0x40, 0x00, 0xD2, 0x9F, 0x89, 0x40, 0x00, 0xC9, 0x20, 0x03, 0x4A, 0x7E, 0x8D, 0x48, 0xD0,
        0x1E, 0x02, 0x98, 0x14, 0x0B, 0x16, 0x00, 0x00, 0x01, 0x16, 0x0A, 0xB9, 0x06, 0x0F, 0x30, 0xE1,
        0x9C, 0x94, 0x00, 0x0C, 0x92, 0x00, 0x34, 0x92, 0x80, 0x01, 0x92, 0x40, 0x06, 0x92, 0x09, 0x03,
        0x06, 0xC8, 0xFD, 0x09, 0x01, 0x58, 0x04, 0x49, 0xAB, 0x67, 0xDA, 0x10, 0x90, 0x01, 0x84, 0x1C,
        0x8C, 0xD9, 0x91, 0x50, 0xC4, 0xA4, 0x17, 0xC0, 0xA0, 0x63, 0xF0, 0x09, 0x24, 0x05, 0x49, 0x8C,
        0xFB, 0x42, 0x40, 0x06, 0x68, 0x99, 0x60, 0x00, 0x00, 0x01, 0x17, 0x0A, 0x7D, 0x12, 0x50, 0x08,
        0x80, 0x83, 0x69, 0xF2, 0x18, 0x80, 0x80, 0x15, 0x40, 0x11, 0x24, 0x02, 0x00, 0x01, 0x8D, 0xFE,
        0xC6, 0x0D, 0x05, 0xFF, 0xEA, 0x6B, 0x22, 0x10, 0x05, 0xA0, 0x8C, 0x08, 0x43, 0x40, 0x0A, 0xC8,
        0x49, 0x44, 0x42, 0x00, 0xB4, 0x11, 0x81, 0x03, 0x40, 0x22, 0x48, 0x00, 0xC2, 0xCF, 0xCB, 0x33,
        0xE4, 0x30, 0x30, 0x02, 0x08, 0x62, 0x00, 0x21, 0xA7, 0xC8, 0x02, 0x20, 0xD0, 0x08, 0x90, 0x09,
        0xBF, 0x90, 0x04, 0x41, 0xA0, 0x11, 0x20, 0x13, 0x7F, 0x29, 0xF2, 0x00, 0x88, 0x34, 0x02, 0x24,
        0x02, 0x6F, 0xE4, 0x01, 0x10, 0x68, 0x04, 0x48, 0x04, 0xDF, 0xCA, 0x7C, 0x80, 0x22, 0x0D, 0x00,
        0x89, 0x00, 0x9B, 0xF9, 0x00, 0x44, 0x1A, 0x01, 0x12, 0x01, 0x37, 0xF2, 0x9F, 0x20, 0x08, 0x83,
        0x40, 0x22, 0x40, 0x26, 0xFE, 0x40, 0x11, 0x06, 0x80, 0x44, 0x80, 0x4D, 0xFC, 0xA7, 0xC8, 0x02,
        0x20, 0xD0, 0x08, 0x90, 0x09, 0xBF, 0x90, 0x04, 0x41, 0xA0, 0x11, 0x20, 0x13, 0x7F, 0x29, 0xF2,
        0x00, 0x88, 0x34, 0x02, 0x24, 0x02, 0x6F, 0xE4, 0x01, 0x10, 0x68, 0x04, 0x48, 0x04, 0xDF, 0xCA,
        0x7C, 0x80, 0x22, 0x0D, 0x00, 0x89, 0x00, 0x9B, 0xF9, 0x00, 0x44, 0x1A, 0x01, 0x12, 0x01, 0x37,
        0xF2, 0x9F, 0x20, 0x08, 0x83, 0x40, 0x22, 0x40, 0x26, 0xFE, 0x40, 0x11, 0x06, 0x80, 0x44, 0x80,
        0x4D, 0xFC, 0xA7, 0xC8, 0x02, 0x20, 0xD0, 0x08, 0x90, 0x09, 0xBF, 0x90, 0x04, 0x41, 0xA0, 0x11,
        0x20, 0x13, 0x7F, 0x29, 0xF2, 0x00, 0x88, 0x34, 0x02, 0x24, 0x02, 0x6F, 0xE4, 0x01, 0x10, 0x68,
        0x04, 0x48, 0x04, 0xDF, 0xCA, 0x7C, 0x80, 0x22, 0x0D, 0x00, 0x89, 0x00, 0x9B, 0xF9, 0x00, 0x44,
        0x1A, 0x01, 0x12, 0x01, 0x37, 0xF2, 0x9F, 0x20, 0x08, 0x83, 0x40, 0x22, 0x40, 0x26, 0xFE, 0x40,
        0x11, 0x06, 0x80, 0x44, 0x80, 0x4D, 0xFC, 0xA7, 0xC8, 0x02, 0x20, 0xD0, 0x08, 0x90, 0x09, 0xBF,
        0x90, 0x04, 0x41, 0xA0, 0x11, 0x20, 0x13, 0x7F, 0x29, 0xF2, 0x00, 0x88, 0x34, 0x02, 0x24, 0x02,
        0x6F, 0xE4, 0x01, 0x10, 0x68, 0x04, 0x48, 0x04, 0xDF, 0xCA, 0x7C, 0x80, 0x22, 0x0D, 0x00, 0x89,
        0x00, 0x9B, 0xF9, 0x00, 0x44, 0x1A, 0x01, 0x12, 0x01, 0x37, 0xF2, 0x9F, 0x20, 0x08, 0x83, 0x40,
        0x22, 0x40, 0x26, 0xFE, 0x40, 0x11, 0x06, 0x80, 0x44, 0x80, 0x4D, 0xFC, 0xA7, 0xC8, 0x02, 0x20,
        0xD0, 0x08, 0x90, 0x09, 0xBF, 0x90, 0x04, 0x41, 0xA0, 0x11, 0x20, 0x13, 0x7F, 0x29, 0xF2, 0x00,
        0x88, 0x34, 0x02, 0x24, 0x02, 0x6F, 0xE4, 0x01, 0x10, 0x68, 0x04, 0x48, 0x04, 0xDF, 0xCA, 0x7C,
        0x80, 0x22, 0x0D, 0x00, 0x89, 0x00, 0x9B, 0xF9, 0x00, 0x44, 0x1A, 0x01, 0x12, 0x01, 0x37, 0xF2,
        0x9F, 0x20, 0x08, 0x83, 0x40, 0x22, 0x40, 0x26, 0xFE, 0x40, 0x11, 0x06, 0x80, 0x44, 0x80, 0x4D,
        0xFC, 0xA7, 0xC8, 0x02, 0x20, 0xD0, 0x08, 0x90, 0x09, 0xBF, 0x90, 0x04, 0x41, 0xA0, 0x11, 0x20,
        0x13, 0x7F, 0x29, 0xF2, 0x00, 0x88, 0x34, 0x02, 0x24, 0x02, 0x6F, 0xE4, 0x01, 0x10, 0x68, 0x04,
        0x48, 0x04, 0xDF, 0xCA, 0x7C, 0x80, 0x22, 0x0D, 0x00, 0x89, 0x00, 0x9B, 0xF9, 0x00, 0x44, 0x1A,
        0x01, 0x12, 0x01, 0x37, 0xF2, 0x9F, 0x21, 0xA8, 0x48, 0x04, 0x00, 0x48, 0x24, 0x00, 0x6B, 0x04,
        0x04, 0x92, 0x00, 0xF0, 0x2A, 0x7E, 0x53, 0xEC, 0x02, 0x24, 0x80, 0x40, 0x00, 0x31, 0xA7, 0xD1,
        0x24, 0x09, 0x24, 0x02, 0x00, 0x01, 0x8C, 0xCF, 0x91, 0x24, 0x11, 0x41, 0x12, 0x01, 0x04, 0x02,
        0x84, 0x80, 0xF4, 0x02, 0x1A, 0x7D, 0x04, 0x06, 0x80, 0x0A, 0x93, 0x4B, 0x00, 0x00, 0x01, 0xB7,
        0x00, 0x00, 0x00, 0x00, 0x00, 0x00, 0x00, 0x00, 0x00, 0x00, 0x00, 0x00, 0x00, 0x00, 0x00, 0x00,
        0x40, 0x53, 0x46, 0x56, 0x00, 0x00, 0x00, 0x38, 0x00, 0x18, 0x00, 0x00, 0x00, 0x00, 0x00, 0x02,
        0x00, 0x00, 0x00, 0x00, 0x00, 0x00, 0x00, 0x1E, 0x00, 0x00, 0x00, 0x00, 0x00, 0x00, 0x00, 0x00,
        0x23, 0x43, 0x4F, 0x4E, 0x54, 0x45, 0x4E, 0x54, 0x53, 0x20, 0x45, 0x4E, 0x44, 0x20, 0x20, 0x20,
        0x3D, 0x3D, 0x3D, 0x3D, 0x3D, 0x3D, 0x3D, 0x3D, 0x3D, 0x3D, 0x3D, 0x3D, 0x3D, 0x3D, 0x3D, 0x00,
    };

    inline constexpr std::size_t Blank_usmSize = sizeof(Blank_usm);
    inline constexpr std::uint8_t Blank_vp6[] =
    {
        0x4D, 0x56, 0x68, 0x64, 0x20, 0x00, 0x00, 0x00, 0x76, 0x70, 0x36, 0x30, 0x00, 0x05, 0xD0, 0x02,
        0x03, 0x00, 0x00, 0x00, 0x70, 0xEA, 0x00, 0x00, 0x11, 0x75, 0x00, 0x00, 0xE8, 0x03, 0x00, 0x00,
        0x53, 0x43, 0x48, 0x6C, 0x28, 0x00, 0x00, 0x00, 0x47, 0x53, 0x54, 0x52, 0x01, 0x00, 0x00, 0x00,
        0x00, 0x04, 0x1D, 0xF8, 0x51, 0xE0, 0x06, 0x01, 0x65, 0xFD, 0x80, 0x01, 0x03, 0x85, 0x03, 0x24,
        0xD4, 0x2E, 0x82, 0x01, 0x02, 0xFF, 0x00, 0x00, 0x4D, 0x56, 0x30, 0x4B, 0xA8, 0x00, 0x00, 0x00,
        0x79, 0x38, 0x00, 0x15, 0x2D, 0x50, 0x2D, 0x50, 0x1F, 0xFF, 0xE0, 0x06, 0x40, 0x00, 0x00, 0x00,
        0x9C, 0xF2, 0x00, 0x00, 0x00, 0xFE, 0xFF, 0xC4, 0x59, 0xFF, 0xED, 0x92, 0x7F, 0xDA, 0xEE, 0x00,
        0x00, 0x00, 0x00, 0x00, 0x00, 0x00, 0x00, 0x00, 0x00, 0x00, 0x00, 0x00, 0x00, 0x00, 0x00, 0x00,
        0x00, 0x00, 0x00, 0x00, 0x00, 0x00, 0x00, 0x00, 0x00, 0x00, 0x00, 0x00, 0x00, 0x00, 0x00, 0x00,
        0x00, 0x00, 0x00, 0x00, 0x00, 0x00, 0x00, 0x00, 0x00, 0x00, 0x00, 0x00, 0x00, 0x00, 0x00, 0x00,
        0x00, 0x00, 0x00, 0x00, 0x00, 0x00, 0x00, 0x00, 0x00, 0x00, 0x00, 0x00, 0x00, 0x00, 0x00, 0x00,
        0x00, 0x00, 0x00, 0x00, 0x00, 0x00, 0x00, 0x00, 0x00, 0x00, 0x00, 0x00, 0x00, 0x00, 0x00, 0x00,
        0x00, 0x00, 0x00, 0x00, 0x00, 0x00, 0x00, 0x00, 0x00, 0x00, 0x00, 0x00, 0x00, 0x00, 0x00, 0x00,
        0x00, 0x00, 0x00, 0x00, 0x00, 0x00, 0x00, 0x00, 0x00, 0x00, 0x00, 0x00, 0x00, 0x00, 0x00, 0x00,
        0x00, 0x00, 0x00, 0x00, 0x00, 0x00, 0x00, 0x00, 0x00, 0x00, 0x00, 0x00, 0x00, 0x00, 0x00, 0x00,
        0x4D, 0x56, 0x30, 0x46, 0xB4, 0x00, 0x00, 0x00, 0xF9, 0x00, 0x29, 0x00, 0x86, 0x00, 0x00, 0x00,
        0x00, 0x01, 0x0D, 0xFF, 0xFF, 0xFF, 0xFF, 0xFF, 0xFF, 0xFF, 0xFF, 0xFF, 0xFF, 0xFF, 0xFF, 0xFF,
        0xFF, 0xFF, 0xFF, 0xFF, 0xFF, 0xFF, 0xFF, 0xFF, 0xFF, 0xFF, 0xFF, 0xFF, 0xFF, 0xFA, 0x38, 0x00,
        0x00, 0x00, 0x00, 0x00, 0x00, 0x00, 0x00, 0x00, 0x00, 0x00, 0x00, 0x00, 0x00, 0x00, 0x00, 0x00,
        0x00, 0x00, 0x00, 0x00, 0x00, 0x00, 0x00, 0x00, 0x00, 0x00, 0x00, 0x00, 0x00, 0x00, 0x00, 0x00,
        0x00, 0x00, 0x00, 0x00, 0x00, 0x00, 0x00, 0x00, 0x00, 0x00, 0x00, 0x00, 0x00, 0x00, 0x00, 0x00,
        0x00, 0x00, 0x00, 0x00, 0x00, 0x00, 0x00, 0x00, 0x00, 0x00, 0x00, 0x00, 0x00, 0x00, 0x00, 0x00,
        0x00, 0x00, 0x00, 0x00, 0x00, 0x00, 0x00, 0x00, 0x00, 0x00, 0x00, 0x00, 0x00, 0x00, 0x00, 0x00,
        0x00, 0x00, 0x00, 0x00, 0x00, 0x00, 0x00, 0x00, 0x00, 0x00, 0x00, 0x00, 0x00, 0x00, 0x00, 0x00,
        0x00, 0x00, 0x00, 0x00, 0x00, 0x00, 0x00, 0x00, 0x00, 0x00, 0x00, 0x00, 0x00, 0x00, 0x00, 0x00,
        0x00, 0x00, 0x00, 0x00, 0x00, 0x00, 0x00, 0x00, 0x00, 0x00, 0x00, 0x00, 0x00, 0x00, 0x00, 0x00,
        0x00, 0x00, 0x00, 0x00, 0x4D, 0x56, 0x30, 0x46, 0xB4, 0x00, 0x00, 0x00, 0xF9, 0x00, 0x29, 0x00,
        0x86, 0x00, 0x00, 0x00, 0x00, 0x01, 0x0D, 0xFF, 0xFF, 0xFF, 0xFF, 0xFF, 0xFF, 0xFF, 0xFF, 0xFF,
        0xFF, 0xFF, 0xFF, 0xFF, 0xFF, 0xFF, 0xFF, 0xFF, 0xFF, 0xFF, 0xFF, 0xFF, 0xFF, 0xFF, 0xFF, 0xFF,
        0xFF, 0xFA, 0x38, 0x00, 0x00, 0x00, 0x00, 0x00, 0x00, 0x00, 0x00, 0x00, 0x00, 0x00, 0x00, 0x00,
        0x00, 0x00, 0x00, 0x00, 0x00, 0x00, 0x00, 0x00, 0x00, 0x00, 0x00, 0x00, 0x00, 0x00, 0x00, 0x00,
        0x00, 0x00, 0x00, 0x00, 0x00, 0x00, 0x00, 0x00, 0x00, 0x00, 0x00, 0x00, 0x00, 0x00, 0x00, 0x00,
        0x00, 0x00, 0x00, 0x00, 0x00, 0x00, 0x00, 0x00, 0x00, 0x00, 0x00, 0x00, 0x00, 0x00, 0x00, 0x00,
        0x00, 0x00, 0x00, 0x00, 0x00, 0x00, 0x00, 0x00, 0x00, 0x00, 0x00, 0x00, 0x00, 0x00, 0x00, 0x00,
        0x00, 0x00, 0x00, 0x00, 0x00, 0x00, 0x00, 0x00, 0x00, 0x00, 0x00, 0x00, 0x00, 0x00, 0x00, 0x00,
        0x00, 0x00, 0x00, 0x00, 0x00, 0x00, 0x00, 0x00, 0x00, 0x00, 0x00, 0x00, 0x00, 0x00, 0x00, 0x00,
        0x00, 0x00, 0x00, 0x00, 0x00, 0x00, 0x00, 0x00, 0x00, 0x00, 0x00, 0x00, 0x00, 0x00, 0x00, 0x00,
        0x00, 0x00, 0x00, 0x00, 0x00, 0x00, 0x00, 0x00, 0x53, 0x43, 0x43, 0x6C, 0x0C, 0x00, 0x00, 0x00,
        0x00, 0x00, 0x05, 0xE3, 0x53, 0x43, 0x45, 0x6C, 0x08, 0x00, 0x00, 0x00,
    };

    inline constexpr std::size_t Blank_vp6Size = sizeof(Blank_vp6);
    inline constexpr std::uint8_t Blank_webm[] =
    {
        0x1A, 0x45, 0xDF, 0xA3, 0x9F, 0x42, 0x86, 0x81, 0x01, 0x42, 0xF7, 0x81, 0x01, 0x42, 0xF2, 0x81,
        0x04, 0x42, 0xF3, 0x81, 0x08, 0x42, 0x82, 0x84, 0x77, 0x65, 0x62, 0x6D, 0x42, 0x87, 0x81, 0x02,
        0x42, 0x85, 0x81, 0x02, 0x18, 0x53, 0x80, 0x67, 0x01, 0x00, 0x00, 0x00, 0x00, 0x00, 0x02, 0x15,
        0x11, 0x4D, 0x9B, 0x74, 0xBA, 0x4D, 0xBB, 0x8B, 0x53, 0xAB, 0x84, 0x15, 0x49, 0xA9, 0x66, 0x53,
        0xAC, 0x81, 0xA1, 0x4D, 0xBB, 0x8B, 0x53, 0xAB, 0x84, 0x16, 0x54, 0xAE, 0x6B, 0x53, 0xAC, 0x81,
        0xD6, 0x4D, 0xBB, 0x8C, 0x53, 0xAB, 0x84, 0x12, 0x54, 0xC3, 0x67, 0x53, 0xAC, 0x82, 0x01, 0x23,
        0x4D, 0xBB, 0x8C, 0x53, 0xAB, 0x84, 0x1C, 0x53, 0xBB, 0x6B, 0x53, 0xAC, 0x82, 0x01, 0xFF, 0xEC,
        0x01, 0x00, 0x00, 0x00, 0x00, 0x00, 0x00, 0x59, 0x00, 0x00, 0x00, 0x00, 0x00, 0x00, 0x00, 0x00,
        0x00, 0x00, 0x00, 0x00, 0x00, 0x00, 0x00, 0x00, 0x00, 0x00, 0x00, 0x00, 0x00, 0x00, 0x00, 0x00,
        0x00, 0x00, 0x00, 0x00, 0x00, 0x00, 0x00, 0x00, 0x00, 0x00, 0x00, 0x00, 0x00, 0x00, 0x00, 0x00,
        0x00, 0x00, 0x00, 0x00, 0x00, 0x00, 0x00, 0x00, 0x00, 0x00, 0x00, 0x00, 0x00, 0x00, 0x00, 0x00,
        0x00, 0x00, 0x00, 0x00, 0x00, 0x00, 0x00, 0x00, 0x00, 0x00, 0x00, 0x00, 0x00, 0x00, 0x00, 0x00,
        0x00, 0x00, 0x00, 0x00, 0x00, 0x00, 0x00, 0x00, 0x00, 0x00, 0x00, 0x00, 0x00, 0x00, 0x00, 0x00,
        0x00, 0x15, 0x49, 0xA9, 0x66, 0xB0, 0x2A, 0xD7, 0xB1, 0x83, 0x0F, 0x42, 0x40, 0x4D, 0x80, 0x8C,
        0x4C, 0x61, 0x76, 0x66, 0x36, 0x31, 0x2E, 0x37, 0x2E, 0x31, 0x30, 0x33, 0x57, 0x41, 0x8C, 0x4C,
        0x61, 0x76, 0x66, 0x36, 0x31, 0x2E, 0x37, 0x2E, 0x31, 0x30, 0x33, 0x44, 0x89, 0x88, 0x40, 0x59,
        0x00, 0x00, 0x00, 0x00, 0x00, 0x00, 0x16, 0x54, 0xAE, 0x6B, 0xC8, 0xAE, 0x01, 0x00, 0x00, 0x00,
        0x00, 0x00, 0x00, 0x3F, 0xD7, 0x81, 0x01, 0x73, 0xC5, 0x88, 0xE2, 0xA6, 0x98, 0x07, 0xC4, 0x91,
        0xA6, 0x86, 0x9C, 0x81, 0x00, 0x22, 0xB5, 0x9C, 0x83, 0x75, 0x6E, 0x64, 0x88, 0x81, 0x00, 0x86,
        0x85, 0x56, 0x5F, 0x56, 0x50, 0x39, 0x83, 0x81, 0x01, 0x23, 0xE3, 0x83, 0x84, 0x01, 0xFC, 0xA0,
        0x55, 0xE0, 0x90, 0xB0, 0x81, 0x40, 0xBA, 0x81, 0x40, 0x9A, 0x81, 0x02, 0x55, 0xB0, 0x84, 0x55,
        0xB9, 0x81, 0x01, 0x12, 0x54, 0xC3, 0x67, 0x40, 0x7F, 0x73, 0x73, 0x9F, 0x63, 0xC0, 0x80, 0x67,
        0xC8, 0x99, 0x45, 0xA3, 0x87, 0x45, 0x4E, 0x43, 0x4F, 0x44, 0x45, 0x52, 0x44, 0x87, 0x8C, 0x4C,
        0x61, 0x76, 0x66, 0x36, 0x31, 0x2E, 0x37, 0x2E, 0x31, 0x30, 0x33, 0x73, 0x73, 0xDA, 0x63, 0xC0,
        0x8B, 0x63, 0xC5, 0x88, 0xE2, 0xA6, 0x98, 0x07, 0xC4, 0x91, 0xA6, 0x86, 0x67, 0xC8, 0xA5, 0x45,
        0xA3, 0x87, 0x45, 0x4E, 0x43, 0x4F, 0x44, 0x45, 0x52, 0x44, 0x87, 0x98, 0x4C, 0x61, 0x76, 0x63,
        0x36, 0x31, 0x2E, 0x31, 0x39, 0x2E, 0x31, 0x30, 0x31, 0x20, 0x6C, 0x69, 0x62, 0x76, 0x70, 0x78,
        0x2D, 0x76, 0x70, 0x39, 0x67, 0xC8, 0xA1, 0x45, 0xA3, 0x88, 0x44, 0x55, 0x52, 0x41, 0x54, 0x49,
        0x4F, 0x4E, 0x44, 0x87, 0x93, 0x30, 0x30, 0x3A, 0x30, 0x30, 0x3A, 0x30, 0x30, 0x2E, 0x31, 0x30,
        0x30, 0x30, 0x30, 0x30, 0x30, 0x30, 0x30, 0x00, 0x1F, 0x43, 0xB6, 0x75, 0xD2, 0xE7, 0x81, 0x00,
        0xA3, 0xA3, 0x81, 0x00, 0x00, 0x80, 0x82, 0x49, 0x83, 0x42, 0x00, 0x03, 0xF0, 0x03, 0xF6, 0x00,
        0x38, 0x24, 0x1C, 0x18, 0x4A, 0x00, 0x00, 0x30, 0x60, 0x00, 0x00, 0x67, 0x3F, 0xFF, 0xFF, 0x56,
        0x45, 0x64, 0xEE, 0xCC, 0x00, 0xA3, 0x93, 0x81, 0x00, 0x21, 0x00, 0x86, 0x00, 0x40, 0x92, 0x9C,
        0x00, 0x50, 0x00, 0x00, 0x03, 0x20, 0x00, 0x00, 0x54, 0x70, 0xA3, 0x93, 0x81, 0x00, 0x43, 0x00,
        0x86, 0x00, 0x40, 0x92, 0x9C, 0x00, 0x4E, 0xE0, 0x00, 0x03, 0x20, 0x00, 0x00, 0x54, 0x70, 0x1C,
        0x53, 0xBB, 0x6B, 0x91, 0xBB, 0x8F, 0xB3, 0x81, 0x00, 0xB7, 0x8A, 0xF7, 0x81, 0x01, 0xF1, 0x82,
        0x01, 0xA8, 0xF0, 0x81, 0x03,
    };

    inline constexpr std::size_t Blank_webmSize = sizeof(Blank_webm);

    inline constexpr BlankFile Files[] =
    {
        { L".bik", Blank_bik, Blank_bikSize },
        { L".bk2", Blank_bk2, Blank_bk2Size },
        { L".mkv", Blank_mkv, Blank_mkvSize },
        { L".mp4", Blank_mp4, Blank_mp4Size },
        { L".usm", Blank_usm, Blank_usmSize },
        { L".vp6", Blank_vp6, Blank_vp6Size },
        { L".webm", Blank_webm, Blank_webmSize },
        { nullptr, nullptr, 0 }
    };

    inline constexpr std::size_t FileCount =
        sizeof(Files) / sizeof(Files[0]) - 1;
}